Película;Año;Imdb Score
Kickboxer: Vengeance;2016;9,1
The Lord of the Rings: The Return of the King;2003;8,9
The Lord of the Rings: The Fellowship of the Ring;2001;8,8
The Lord of the Rings: The Two Towers;2002;8,7
Star Wars: Episode IV - A New Hope;1977;8,7
A Beginner's Guide to Snuff;2016;8,7
Queen of the Mountains;2014;8,7
Butterfly Girl;2014;8,7
American History X;1998;8,6
Running Forever;2015;8,6
Raiders of the Lost Ark;1981;8,5
Alien;1979;8,5
Airlift;2016;8,5
Samsara;2011;8,5
The Lives of Others;2006;8,5
Dr. Strangelove or: How I Learned to Stop Worrying and Love the Bomb;1964;8,5
Children of Heaven;1997;8,5
Baahubali: The Beginning;2015;8,4
Lion of the Desert;1980;8,4
Princess Mononoke;1997;8,4
Aliens;1986;8,4
Lawrence of Arabia;1962;8,4
U2 3D;2007;8,4
Das Boot;1981;8,4
Rang De Basanti;2006;8,4
A Separation;2011;8,4
The Other Dream Team;2012;8,4
A Charlie Brown Christmas;1965;8,4
Metropolis;1927;8,3
Lake of Fire;2006;8,3
The Sting;1973;8,3
The Great Escape;1963;8,3
The Hunt;2012;8,3
The Apartment;1960;8,3
Judgment at Nuremberg;1961;8,3
Some Like It Hot;1959;8,3
Singin' in the Rain;1952;8,3
No End in Sight;2007;8,3
Hoop Dreams;1994;8,3
The Sound and the Shadow;2014;8,3
Monty Python and the Holy Grail;1975;8,3
The Big Parade;1925;8,3
Godzilla Resurgence;2016;8,2
Godzilla Resurgence;2016;8,2
V for Vendetta;2005;8,2
The Thing;1982;8,2
Howl's Moving Castle;2004;8,2
Pan's Labyrinth;2006;8,2
Incendies;2010;8,2
The Elephant Man;1980;8,2
The Secret in Their Eyes;2009;8,2
Lage Raho Munna Bhai;2006;8,2
Mr. Smith Goes to Washington;1939;8,2
Growing Up Smith;2015;8,2
Rebecca;1940;8,2
The Act of Killing;2012;8,2
On the Waterfront;1954;8,2
Rise of the Entrepreneur: The Search for a Better Way;2014;8,2
Cries & Whispers;1972;8,2
It Happened One Night;1934;8,2
The Brain That Sings;2013;8,2
The Last Waltz;1978;8,2
Solaris;1972;8,1
Hachi: A Dog's Tale;2009;8,1
The Sea Inside;2004;8,1
Tae Guk Gi: The Brotherhood of War;2004;8,1
Barry Lyndon;1975;8,1
Akira;1988;8,1
Annie Hall;1977;8,1
Network;1976;8,1
A Christmas Story;1983;8,1
The Man Who Shot Liberty Valance;1962;8,1
Cat on a Hot Tin Roof;1958;8,1
The Wizard of Oz;1939;8,1
The Best Years of Our Lives;1946;8,1
Amores Perros;2000;8,1
Touching the Void;2003;8,1
In the Shadow of the Moon;2007;8,1
The Square;2013;8,1
The Celebration;1998;8,1
The Conformist;1970;8,1
High Noon;1952;8,1
Destiny;2014;8,1
Woodstock;1970;8,1
Nothing But a Man;1964;8,1
Ordet;1955;8,1
Archaeology of a Woman;2012;8,1
Ratatouille;2007;8,0
Casino Royale;2006;8,0
Blood Diamond;2006;8,0
Serenity;2005;8,0
Winged Migration;2001;8,0
Dances with Wolves;1990;8,0
The Artist;2011;8,0
Brazil;1985;8,0
The Return;2003;8,0
The Diving Bell and the Butterfly;2007;8,0
Dancer in the Dark;2000;8,0
The Exorcist;1973;8,0
Patton;1970;8,0
Casino Royale;2006;8,0
The Straight Story;1999;8,0
Fiddler on the Roof;1971;8,0
Sicko;2007;8,0
My Name Is Khan;2010;8,0
Sling Blade;1996;8,0
Night of the Living Dead;1968;8,0
In Cold Blood;1967;8,0
Bowling for Columbine;2002;8,0
Central Station;1998;8,0
Young Frankenstein;1974;8,0
The Hustler;1961;8,0
Waltz with Bashir;2008;8,0
A Streetcar Named Desire;1951;8,0
You Can't Take It with You;1938;8,0
The Lost Weekend;1945;8,0
Pandora's Box;1929;8,0
Light from the Darkroom;2014;8,0
Intolerance: Love's Struggle Throughout the Ages;1916;8,0
Tupac: Resurrection;2003;8,0
Give Me Shelter;2014;8,0
A Fistful of Dollars;1964;8,0
The Man from Earth;2007;8,0
Night of the Living Dead;1968;8,0
The Insider;1999;7,9
Shrek;2001;7,9
Hero;2002;7,9
The Blues Brothers;1980;7,9
The Right Stuff;1983;7,9
The Untouchables;1987;7,9
The World's Fastest Indian;2005;7,9
Edward Scissorhands;1990;7,9
Ed Wood;1994;7,9
My Fair Lady;1964;7,9
Halloween;1978;7,9
Hero;2002;7,9
Hot Fuzz;2007;7,9
Halloween;1978;7,9
Ernest & Celestine;2012;7,9
Veer-Zaara;2004;7,9
The Boondock Saints;1999;7,9
The Wrestler;2008;7,9
The Train;1964;7,9
The Chorus;2004;7,9
Do the Right Thing;1989;7,9
Lilya 4-Ever;2002;7,9
A Man for All Seasons;1966;7,9
Midnight Cowboy;1969;7,9
Elmer Gantry;1960;7,9
Riding Giants;2004;7,9
Hud;1963;7,9
The Conversation;1974;7,9
Nine Queens;2000;7,9
The Second Mother;2015;7,9
Halloween;1978;7,9
Bending Steel;2013;7,9
Skyfall;2012;7,8
Harry Potter and the Prisoner of Azkaban;2004;7,8
All That Jazz;1979;7,8
Oceans;2009;7,8
Changeling;2008;7,8
The Game;1997;7,8
Earth;1998;7,8
The Fugitive;1993;7,8
The Last of the Mohicans;1992;7,8
Fantastic Mr. Fox;2009;7,8
Lucky Number Slevin;2006;7,8
Tombstone;1993;7,8
The Best Offer;2013;7,8
Black Book;2006;7,8
Joyeux Noel;2005;7,8
South Park: Bigger Longer & Uncut;1999;7,8
The French Connection;1971;7,8
Kung Fu Hustle;2004;7,8
Indignation;2016;7,8
Predator;1987;7,8
Hamlet;1996;7,8
The White Ribbon;2009;7,8
The Verdict;1982;7,8
The Color Purple;1985;7,8
Glengarry Glen Ross;1992;7,8
The Prisoner of Zenda;1937;7,8
The Longest Day;1962;7,8
Kicks;2016;7,8
Skyfall;2012;7,8
Boyz n the Hood;1991;7,8
Ordinary People;1980;7,8
Hedwig and the Angry Inch;2001;7,8
Dear Frankie;2004;7,8
Character;1997;7,8
Hell's Angels;1930;7,8
Airplane!;1980;7,8
Evil Dead II;1987;7,8
Goldfinger;1964;7,8
Red River;1948;7,8
Water;2005;7,8
Willy Wonka & the Chocolate Factory;1971;7,8
Happiness;1998;7,8
Blazing Saddles;1974;7,8
Fantasia;1940;7,8
The French Connection;1971;7,8
The Triplets of Belleville;2003;7,8
Hamlet;1996;7,8
Gangster's Paradise: Jerusalema;2008;7,8
Man on Wire;2008;7,8
Run Lola Run;1998;7,8
The Lunchbox;2013;7,8
From Here to Eternity;1953;7,8
How Green Was My Valley;1941;7,8
Lucky Number Slevin;2006;7,8
Top Hat;1935;7,8
Murderball;2005;7,8
UnDivided;2013;7,8
Clerks;1994;7,8
The Mongol King;2005;7,8
The Last Samurai;2003;7,7
Watchmen;2009;7,7
Black Hawk Down;2001;7,7
The Fifth Element;1997;7,7
Road to Perdition;2002;7,7
Stardust;2007;7,7
Coraline;2009;7,7
A Very Long Engagement;2004;7,7
Lolita;1962;7,7
Eastern Promises;2007;7,7
First Blood;1982;7,7
Argo;2012;7,7
The Count of Monte Cristo;2002;7,7
Malcolm X;1992;7,7
Ponyo;2008;7,7
Frost/Nixon;2008;7,7
Dark City;1998;7,7
Gettysburg;1993;7,7
Dangerous Liaisons;1988;7,7
Sorcerer;1977;7,7
Close Encounters of the Third Kind;1977;7,7
Fear and Loathing in Las Vegas;1998;7,7
First Blood;1982;7,7
Dangerous Liaisons;1988;7,7
Star Trek II: The Wrath of Khan;1982;7,7
The Muppet Christmas Carol;1992;7,7
The Great Beauty;2013;7,7
City of Life and Death;2009;7,7
The Visual Bible: The Gospel of John;2003;7,7
Vera Drake;2004;7,7
Rushmore;1998;7,7
The Red Violin;1998;7,7
Henry V;1989;7,7
The Wailing;2016;7,7
The Muppet Movie;1979;7,7
The Secret of Kells;2009;7,7
The Rocket: The Legend of Rocket Richard;2005;7,7
Dazed and Confused;1993;7,7
Nowhere in Africa;2001;7,7
Control;2007;7,7
Shine;1996;7,7
A Room for Romeo Brass;1999;7,7
Y Tu Mamá También;2001;7,7
The Barbarian Invasions;2003;7,7
The Sweet Hereafter;1997;7,7
25th Hour;2002;7,7
Lady Vengeance;2005;7,7
Mondays in the Sun;2002;7,7
Religulous;2008;7,7
This Is England;2006;7,7
Lolita;1962;7,7
The Lady from Shanghai;1947;7,7
Snow White and the Seven Dwarfs;1937;7,7
You Can Count on Me;2000;7,7
Dead Man's Shoes;2004;7,7
Who Killed the Electric Car?;2006;7,7
Taxi to the Dark Side;2007;7,7
Iraq for Sale: The War Profiteers;2006;7,7
They Will Have to Kill Us First;2015;7,7
A Hard Day's Night;1964;7,7
The Station Agent;2003;7,7
Crazy Stone;2006;7,7
Bloody Sunday;2002;7,7
42nd Street;1933;7,7
Dogtown and Z-Boys;2001;7,7
Pierrot le Fou;1965;7,7
The Trials of Darryl Hunt;2006;7,7
Weekend;2011;7,7
Indie Game: The Movie;2012;7,7
Signed Sealed Delivered;2013;7,7
Harry Potter and the Goblet of Fire;2005;7,6
Kung Fu Panda;2008;7,6
Rise of the Planet of the Apes;2011;7,6
Munich;2005;7,6
The Abyss;1989;7,6
Apollo 13;1995;7,6
Grindhouse;2007;7,6
Interview with the Vampire: The Vampire Chronicles;1994;7,6
Traffic;2000;7,6
Star Trek: First Contact;1996;7,6
Lord of War;2005;7,6
The Crow;1994;7,6
The Hurricane;1999;7,6
Batman;1989;7,6
The Hunt for Red October;1990;7,6
Secondhand Lions;2003;7,6
Midnight Run;1988;7,6
The Royal Tenenbaums;2001;7,6
The Omen;1976;7,6
The Fisher King;1991;7,6
I Am Sam;2001;7,6
The Kite Runner;2007;7,6
United 93;2006;7,6
House of Sand and Fog;2003;7,6
Radio Days;1987;7,6
The Great Debaters;2007;7,6
The Hurt Locker;2008;7,6
House of Flying Daggers;2004;7,6
Army of Darkness;1992;7,6
Volver;2006;7,6
All or Nothing;2002;7,6
The Namesake;2006;7,6
Escape from Alcatraz;1979;7,6
The Piano;1993;7,6
A Single Man;2009;7,6
The Last Temptation of Christ;1988;7,6
High Plains Drifter;1973;7,6
Headhunters;2011;7,6
Saint Ralph;2004;7,6
Lone Star;1996;7,6
Tucker and Dale vs Evil;2010;7,6
Whale Rider;2002;7,6
Waiting for Guffman;1996;7,6
1776;1972;7,6
The Nun's Story;1959;7,6
March of the Penguins;2005;7,6
Animal House;1978;7,6
The Omen;1976;7,6
Saving Face;2004;7,6
My Life Without Me;2003;7,6
Fuel;2008;7,6
Elling;2001;7,6
Mad Max 2: The Road Warrior;1981;7,6
The Legend of Drunken Master;1994;7,6
Boys Don't Cry;1999;7,6
Spellbound;1945;7,6
The Gatekeepers;2012;7,6
Me You and Five Bucks;2015;7,6
The Algerian;2014;7,6
Antarctica: A Year on Ice;2013;7,6
Beyond the Mat;1999;7,6
As It Is in Heaven;2004;7,6
The Evil Dead;1981;7,6
Ayurveda: Art of Being;2001;7,6
The Past is a Grotesque Animal;2014;7,6
Smiling Fish & Goat on Fire;1999;7,6
Harry Potter and the Half-Blood Prince;2009;7,5
Harry Potter and the Order of the Phoenix;2007;7,5
Harry Potter and the Deathly Hallows: Part II;2011;7,5
Harry Potter and the Sorcerer's Stone;2001;7,5
X-Men 2;2003;7,5
Total Recall;1990;7,5
Scott Pilgrim vs. the World;2010;7,5
Total Recall;1990;7,5
Perfume: The Story of a Murderer;2006;7,5
The Life of David Gale;2003;7,5
Sleepers;1996;7,5
Pinocchio;1940;7,5
Bram Stoker's Dracula;1992;7,5
A Nightmare on Elm Street;1984;7,5
Biutiful;2010;7,5
Reds;1981;7,5
The Curse of the Were-Rabbit;2005;7,5
The Assassination of Jesse James by the Coward Robert Ford;2007;7,5
Miracle;2004;7,5
Open Range;2003;7,5
Elizabeth;1998;7,5
Tora! Tora! Tora!;1970;7,5
The Bridges of Madison County;1995;7,5
Freedom Writers;2007;7,5
Reign Over Me;2007;7,5
Bullets Over Broadway;1994;7,5
Equilibrium;2002;7,5
The Painted Veil;2006;7,5
The Ice Storm;1997;7,5
A Simple Plan;1998;7,5
Coal Miner's Daughter;1980;7,5
Beetlejuice;1988;7,5
Three Burials;2005;7,5
Sarah's Key;2010;7,5
Jackie Brown;1997;7,5
2046;2004;7,5
Trade;2007;7,5
10 Days in a Madhouse;2015;7,5
Madadayo;1993;7,5
My Cousin Vinny;1992;7,5
Brooklyn;2015;7,5
Oliver!;1968;7,5
Richard III;1995;7,5
Red Dog;2011;7,5
The Texas Chain Saw Massacre;1974;7,5
Trading Places;1983;7,5
The Wind That Shakes the Barley;2006;7,5
Akeelah and the Bee;2006;7,5
Howards End;1992;7,5
Michael Jordan to the Max;2000;7,5
Rabbit-Proof Fence;2002;7,5
We Need to Talk About Kevin;2011;7,5
Fahrenheit 9/11;2004;7,5
Best in Show;2000;7,5
Standard Operating Procedure;2008;7,5
Salvador;1986;7,5
The Orphanage;2007;7,5
The Geographer Drank His Globe Away;2013;7,5
House of Sand;2005;7,5
Menace II Society;1993;7,5
Frenzy;1972;7,5
Gods and Monsters;1998;7,5
The Class;2008;7,5
Maria Full of Grace;2004;7,5
The Valley of Decision;1945;7,5
[Rec];2007;7,5
From Russia with Love;1963;7,5
American Splendor;2003;7,5
Ghost Dog: The Way of the Samurai;1999;7,5
A Nightmare on Elm Street;1984;7,5
Travelers and Magicians;2003;7,5
In the Bedroom;2001;7,5
Buffalo '66;1998;7,5
Rocket Singh: Salesman of the Year;2009;7,5
An Inconvenient Truth;2006;7,5
Welcome to the Dollhouse;1995;7,5
American Graffiti;1973;7,5
Kevin Hart: Laugh at My Pain;2011;7,5
Mad Hot Ballroom;2005;7,5
America Is Still the Place;2015;7,5
Metropolitan;1990;7,5
51 Birch Street;2005;7,5
Sisters in Law;2005;7,5
Call + Response;2008;7,5
The Texas Chain Saw Massacre;1974;7,5
Roger & Me;1989;7,5
George Washington;2000;7,5
The Circle;2000;7,5
The Adventures of Tintin;2011;7,4
Harry Potter and the Chamber of Secrets;2002;7,4
Contact;1997;7,4
The Rock;1996;7,4
Lincoln;2012;7,4
The Judge;2014;7,4
K-PAX;2001;7,4
Across the Universe;2007;7,4
Mean Streets;1973;7,4
Red Cliff;2008;7,4
Poltergeist;1982;7,4
Wonder Boys;2000;7,4
Looper;2012;7,4
Corpse Bride;2005;7,4
A Passage to India;1984;7,4
Notes on a Scandal;2006;7,4
The NeverEnding Story;1984;7,4
A Bridge Too Far;1977;7,4
Shadowlands;1993;7,4
Death at a Funeral;2007;7,4
Capitalism: A Love Story;2009;7,4
Deconstructing Harry;1997;7,4
Death at a Funeral;2007;7,4
Topsy-Turvy;1999;7,4
Little Boy;2015;7,4
The Proposition;2005;7,4
The Baader Meinhof Complex;2008;7,4
Blow Out;1981;7,4
Mao's Last Dancer;2009;7,4
National Lampoon's Vacation;1983;7,4
Grosse Pointe Blank;1997;7,4
The Love Letter;1998;7,4
Manderlay;2005;7,4
Far from Heaven;2002;7,4
Quills;2000;7,4
Quest for Fire;1981;7,4
Witness;1985;7,4
Frida;2002;7,4
Inside Llewyn Davis;2013;7,4
Poltergeist;1982;7,4
La Famille Bélier;2014;7,4
Dogma;1999;7,4
Love Jones;1997;7,4
Dirty Pretty Things;2002;7,4
Much Ado About Nothing;1993;7,4
Capote;2005;7,4
Stargate: The Ark of Truth;2008;7,4
Layer Cake;2004;7,4
Caddyshack;1980;7,4
City Island;2009;7,4
Julia;1977;7,4
Irreversible;2002;7,4
Clerks II;2006;7,4
Heavenly Creatures;1994;7,4
I Served the King of England;2006;7,4
Take Shelter;2011;7,4
Pat Garrett & Billy the Kid;1973;7,4
Moby Dick;1956;7,4
Bound;1996;7,4
The Misfits;1961;7,4
Bella;2006;7,4
Waking Ned Devine;1998;7,4
A Room with a View;1985;7,4
Frances Ha;2012;7,4
Summer Storm;2004;7,4
Point Blank;1967;7,4
Hustle & Flow;2005;7,4
The Black Stallion;1979;7,4
Silver Medallist;2009;7,4
Gentleman's Agreement;1947;7,4
Me and You and Everyone We Know;2005;7,4
It's All Gone Pete Tong;2004;7,4
Under the Same Moon;2007;7,4
She Wore a Yellow Ribbon;1949;7,4
The Squid and the Whale;2005;7,4
Journey from the Fall;2006;7,4
Monsoon Wedding;2001;7,4
Transamerica;2005;7,4
20 Feet from Stardom;2013;7,4
Wristcutters: A Love Story;2006;7,4
Guiana 1838;2004;7,4
Bambi;1942;7,4
Harrison Montgomery;2008;7,4
Starsuckers;2009;7,4
The Hadza: Last of the First;2014;7,4
Wordplay;2006;7,4
Osama;2003;7,4
Alleluia! The Devil's Carnival;2016;7,4
Across the Universe;2007;7,4
The Love Letter;1998;7,4
The Case of the Grinning Cat;2004;7,4
The Horse Boy;2009;7,4
Une Femme Mariée;1964;7,4
Eraserhead;1977;7,4
The Image Revolution;2014;7,4
Stories of Our Lives;2014;7,4
The Cure;1997;7,4
Monsters University;2013;7,3
Kung Fu Panda 2;2011;7,3
Rise of the Guardians;2012;7,3
Megamind;2010;7,3
The Emperor's New Groove;2000;7,3
The Spanish Prisoner;1997;7,3
Seabiscuit;2003;7,3
Memoirs of a Geisha;2005;7,3
Face/Off;1997;7,3
Fantasia 2000;1999;7,3
Thirteen Days;2000;7,3
This Is It;2009;7,3
Superman;1978;7,3
Ronin;1998;7,3
Erin Brockovich;2000;7,3
The Negotiator;1998;7,3
The Life Aquatic with Steve Zissou;2004;7,3
The Infiltrator;2016;7,3
Galaxy Quest;1999;7,3
Finding Forrester;2000;7,3
Eight Below;2006;7,3
Sunshine;2007;7,3
The Hudsucker Proxy;1994;7,3
Precious;2009;7,3
The Express;2008;7,3
Cape Fear;1991;7,3
The Bad News Bears;1976;7,3
The Young Victoria;2009;7,3
The Fountain;2006;7,3
Mr. Holland's Opus;1995;7,3
Frequency;2000;7,3
Winnie the Pooh;2011;7,3
North Country;2005;7,3
Barney's Version;2010;7,3
Punch-Drunk Love;2002;7,3
Angela's Ashes;1999;7,3
Big Trouble in Little China;1986;7,3
Waterloo;1970;7,3
Star Trek IV: The Voyage Home;1986;7,3
The Hundred-Foot Journey;2014;7,3
Molière;2007;7,3
Michael Clayton;2007;7,3
The Bank Job;2008;7,3
Big;1988;7,3
Borat: Cultural Learnings of America for Make Benefit Glorious Nation of Kazakhstan;2006;7,3
Gosford Park;2001;7,3
Mongol: The Rise of Genghis Khan;2007;7,3
Enter the Void;2009;7,3
The Queen;2006;7,3
Amen.;2002;7,3
The Widow of Saint-Pierre;2000;7,3
Antwone Fisher;2002;7,3
The Land Before Time;1988;7,3
Duma;2005;7,3
The Secret Life of Bees;2008;7,3
Precious;2009;7,3
Pete's Dragon;2016;7,3
Shaolin Soccer;2001;7,3
Imaginary Heroes;2004;7,3
Loose Cannons;2010;7,3
Flame and Citron;2008;7,3
Polisse;2011;7,3
Election;1999;7,3
Namastey London;2007;7,3
Another Year;2010;7,3
Far from Men;2014;7,3
An Education;2009;7,3
Pale Rider;1985;7,3
Aimee & Jaguar;1999;7,3
Aberdeen;2000;7,3
The Return of the Living Dead;1985;7,3
A Mighty Wind;2003;7,3
The Guard;2011;7,3
Videodrome;1983;7,3
L'auberge espagnole;2002;7,3
Somewhere in Time;1980;7,3
Monster;2003;7,3
The Man from Snowy River;1982;7,3
Eve's Bayou;1997;7,3
Soul Kitchen;2009;7,3
Out of the Blue;2006;7,3
Exiled;2006;7,3
Sexy Beast;2000;7,3
The Crying Game;1992;7,3
The Return of the Living Dead;1985;7,3
The Front Page;1974;7,3
They Live;1988;7,3
Talk Radio;1988;7,3
Down for Life;2009;7,3
Four Lions;2010;7,3
Friday;1995;7,3
The Ballad of Cable Hogue;1970;7,3
Coming Home;2014;7,3
Tsotsi;2005;7,3
Fish Tank;2009;7,3
Pocketful of Miracles;1961;7,3
The Brave Little Toaster;1987;7,3
Sleeper;1973;7,3
Dinner Rush;2000;7,3
Submarine;2010;7,3
Beasts of the Southern Wild;2012;7,3
Songcatcher;2000;7,3
The Bubble;2006;7,3
Dr. No;1962;7,3
I Origins;2014;7,3
Once in a Lifetime: The Extraordinary Story of the New York Cosmos;2006;7,3
The Party's Over;1965;7,3
The Horror Network Vol. 1;2015;7,3
The Hammer;2007;7,3
Twin Falls Idaho;1999;7,3
Mean Creek;2004;7,3
Scott Walker: 30 Century Man;2006;7,3
Dogtooth;2009;7,3
Cube;1997;7,3
Shotgun Stories;2007;7,3
The Woman Chaser;1999;7,3
The Mighty;1998;7,3
Super Size Me;2004;7,3
The Call of Cthulhu;2005;7,3
In the Company of Men;1997;7,3
Furious 7;2015;7,2
True Lies;1994;7,2
Starship Troopers;1997;7,2
Shrek 2;2004;7,2
Agora;2009;7,2
GoldenEye;1995;7,2
Shooter;2007;7,2
Coach Carter;2005;7,2
The Ghost Writer;2010;7,2
Micmacs;2009;7,2
The Karate Kid;1984;7,2
A League of Their Own;1992;7,2
Amistad;1997;7,2
The Doors;1991;7,2
Secretariat;2010;7,2
Black Water Transit;2009;7,2
The Age of Innocence;1993;7,2
Men of Honor;2000;7,2
About Schmidt;2002;7,2
Little Nicholas;2009;7,2
Star Trek VI: The Undiscovered Country;1991;7,2
Silverado;1985;7,2
Carnage;2011;7,2
The Princess and the Cobbler;1993;7,2
The End of the Affair;1999;7,2
In the Valley of Elah;2007;7,2
Arlington Road;1999;7,2
Team America: World Police;2004;7,2
Scream;1996;7,2
Catch-22;1970;7,2
The Salton Sea;2002;7,2
Metallica Through the Never;2013;7,2
Day of the Dead;1985;7,2
White Oleander;2002;7,2
Remember Me;2010;7,2
Highlander;1986;7,2
What's Love Got to Do with It;1993;7,2
Whatever Works;2009;7,2
District B13;2004;7,2
The Mist;2007;7,2
Brother;2000;7,2
Gremlins;1984;7,2
Major League;1989;7,2
The Dead Zone;1983;7,2
A Better Life;2011;7,2
Nicholas Nickleby;2002;7,2
Owning Mahowny;2003;7,2
The Savages;2007;7,2
The Lost Boys;1987;7,2
Silmido;2003;7,2
The Karate Kid;1984;7,2
Made in Dagenham;2010;7,2
Restless;2012;7,2
Narc;2002;7,2
Harry Brown;2009;7,2
Desperado;1995;7,2
The Descent;2005;7,2
Mother and Child;2009;7,2
Two Lovers and a Bear;2016;7,2
The Four Seasons;1981;7,2
The Andromeda Strain;1971;7,2
Mallrats;1995;7,2
Escape from New York;1981;7,2
The Virgin Suicides;1999;7,2
11:14;2003;7,2
A Shine of Rainbows;2009;7,2
Chariots of Fire;1981;7,2
Le Havre;2011;7,2
The Apostle;1997;7,2
Diner;1982;7,2
Of Gods and Men;2010;7,2
Out of the Blue;1980;7,2
Sleep Tight;2011;7,2
The Names of Love;2010;7,2
Fast Times at Ridgemont High;1982;7,2
Tango;1998;7,2
Day of the Dead;1985;7,2
Dave Chappelle's Block Party;2005;7,2
Love's Abiding Joy;2006;7,2
Timecrimes;2007;7,2
Mi America;2015;7,2
Smoke Signals;1998;7,2
Brotherly Love;2015;7,2
Nowhere Boy;2009;7,2
Deadline - U.S.A.;1952;7,2
Caramel;2007;7,2
Mississippi Mermaid;1969;7,2
Exotica;1994;7,2
Trees Lounge;1996;7,2
The Trouble with Harry;1955;7,2
The Knife of Don Juan;2013;7,2
Sands of Iwo Jima;1949;7,2
Shine a Light;2008;7,2
Frozen River;2008;7,2
Bubba Ho-Tep;2002;7,2
Brigham City;2001;7,2
Hidden Away;2014;7,2
Latter Days;2003;7,2
Ruby in Paradise;1993;7,2
Raising Victor Vargas;2002;7,2
Live-In Maid;2004;7,2
The Mudge Boy;2003;7,2
Irreplaceable;2016;7,2
The Harvest/La Cosecha;2011;7,2
The Outrageous Sophie Tucker;2014;7,2
Tarnation;2003;7,2
Censored Voices;2015;7,2
Anderson's Cross;2010;7,2
Better Luck Tomorrow;2002;7,2
Short Cut to Nirvana: Kumbh Mela;2004;7,2
An American Girl Holiday;2004;7,2
An American in Hollywood;2014;7,2
Jason Bourne;2016;7,1
The Patriot;2000;7,1
Valkyrie;2008;7,1
Enchanted;2007;7,1
Arthur Christmas;2011;7,1
Dredd;2012;7,1
Charlie Wilson's War;2007;7,1
The Kingdom;2007;7,1
Jarhead;2005;7,1
Two Brothers;2004;7,1
We Were Soldiers;2002;7,1
Body of Lies;2008;7,1
RED;2010;7,1
Anastasia;1997;7,1
Payback;1999;7,1
The Muppets;2011;7,1
Blade;1998;7,1
Dredd;2012;7,1
Nixon;1995;7,1
The Warlords;2007;7,1
The Horseman on the Roof;1995;7,1
The Young and Prodigious T.S. Spivet;2013;7,1
The Merchant of Venice;2004;7,1
The Color of Freedom;2007;7,1
Confessions of a Dangerous Mind;2002;7,1
The Jacket;2005;7,1
Florence Foster Jenkins;2016;7,1
About a Boy;2002;7,1
Lords of Dogtown;2005;7,1
Michael Collins;1996;7,1
Little White Lies;2010;7,1
Pitch Black;2000;7,1
Spaceballs;1987;7,1
There's Something About Mary;1998;7,1
Away We Go;2009;7,1
Jackass 3D;2010;7,1
School of Rock;2003;7,1
The Quiet American;2002;7,1
Mrs Henderson Presents;2005;7,1
A Scanner Darkly;2006;7,1
The Children of Huang Shi;2008;7,1
The Devil's Double;2011;7,1
Bad Santa;2003;7,1
Being Julia;2004;7,1
Becoming Jane;2007;7,1
Welcome to the Sticks;2008;7,1
Wag the Dog;1997;7,1
Shinjuku Incident;2009;7,1
The Spy Who Loved Me;1977;7,1
Find Me Guilty;2006;7,1
Infamous;2006;7,1
WarGames;1983;7,1
Ravenous;1999;7,1
The Dangerous Lives of Altar Boys;2002;7,1
Fateless;2005;7,1
Jackass Number Two;2006;7,1
Phone Booth;2002;7,1
Kinsey;2004;7,1
Tremors;1990;7,1
The Long Riders;1980;7,1
The Limey;1999;7,1
The House of Mirth;2000;7,1
Melancholia;2011;7,1
Red Riding: In the Year of Our Lord 1974;2009;7,1
Beneath Hill 60;2010;7,1
Limbo;1999;7,1
8 Women;2002;7,1
Get Low;2009;7,1
Dressed to Kill;1980;7,1
Winter in Wartime;2008;7,1
The Protector;2005;7,1
The Return of the Pink Panther;1975;7,1
Green Room;2015;7,1
Bottle Rocket;1996;7,1
State Fair;1945;7,1
Love and Death on Long Island;1997;7,1
Secretary;2002;7,1
Holy Motors;2012;7,1
The Pirate;1948;7,1
Human Traffic;1999;7,1
Thirteen Conversations About One Thing;2001;7,1
Ulee's Gold;1997;7,1
My Own Private Idaho;1991;7,1
Marilyn Hotchkiss' Ballroom Dancing and Charm School;1990;7,1
8: The Mormon Proposition;2010;7,1
Boom Town;1940;7,1
24 7: Twenty Four Seven;1997;7,1
Bananas;1971;7,1
River's Edge;1986;7,1
Waitress;2007;7,1
Closer to the Moon;2014;7,1
The Ballad of Gregorio Cortez;1982;7,1
Niagara;1953;7,1
The Charge of the Light Brigade;1936;7,1
Charly;1968;7,1
Food Chains;2014;7,1
Hard Candy;2005;7,1
To Save a Life;2009;7,1
Deceptive Practice: The Mysteries and Mentors of Ricky Jay;2012;7,1
Conversations with Other Women;2005;7,1
Blue Ruin;2013;7,1
Quinceañera;2006;7,1
Pieces of April;2003;7,1
Wendy and Lucy;2008;7,1
Along the Roadside;2013;7,1
Bronson;2008;7,1
Heroes of Dirt;2015;7,1
Top Spin;2014;7,1
Open Secret;1948;7,1
Slacker;1991;7,1
Prometheus;2012;7,0
Legend of the Guardians: The Owls of Ga'Hoole;2010;7,0
Spy Game;2001;7,0
Batman Returns;1992;7,0
Déjà Vu;1997;7,0
Seven Years in Tibet;1997;7,0
The X Files;1998;7,0
ParaNorman;2012;7,0
Meet the Parents;2000;7,0
Syriana;2005;7,0
Out of Sight;1998;7,0
Curse of the Golden Flower;2006;7,0
Unleashed;2005;7,0
Chicken Run;2000;7,0
Cleopatra;1963;7,0
Julie & Julia;2009;7,0
Rent;2005;7,0
Frankenweenie;2012;7,0
Burn After Reading;2008;7,0
John Q;2002;7,0
Scrooged;1988;7,0
The SpongeBob SquarePants Movie;2004;7,0
The Cabin in the Woods;2012;7,0
One True Thing;1998;7,0
Wicker Park;2004;7,0
Miss Potter;2006;7,0
Kundun;1997;7,0
Cloverfield;2008;7,0
The Conspirator;2010;7,0
The Rookie;2002;7,0
Underworld;2003;7,0
Wayne's World;1992;7,0
Wicker Park;2004;7,0
Orphan;2009;7,0
Ladyhawke;1985;7,0
Sweet Charity;1969;7,0
A Most Violent Year;2014;7,0
Flash of Genius;2008;7,0
I'm Not There.;2007;7,0
Ramanujan;2014;7,0
The Bounty;1984;7,0
Austin Powers: International Man of Mystery;1997;7,0
The Last Station;2009;7,0
The Thirteenth Floor;1999;7,0
Trance;2013;7,0
Black Snake Moan;2006;7,0
Felicia's Journey;1999;7,0
Time Bandits;1981;7,0
Stir of Echoes;1999;7,0
The Boys from Brazil;1978;7,0
Girl with a Pearl Earring;2003;7,0
Cadillac Records;2008;7,0
Last Orders;2001;7,0
The Host;2006;7,0
The Color of Money;1986;7,0
Happy Gilmore;1996;7,0
End of the Spear;2005;7,0
I Am Love;2009;7,0
Welcome to the Rileys;2010;7,0
Partition;2007;7,0
Thunderball;1965;7,0
The Contender;2000;7,0
Boiler Room;2000;7,0
Igby Goes Down;2002;7,0
Velvet Goldmine;1998;7,0
Bright Star;2009;7,0
Syriana;2005;7,0
Bon Cop Bad Cop;2006;7,0
The Neon Demon;2016;7,0
A Serious Man;2009;7,0
Les visiteurs;1993;7,0
The Chumscrubber;2005;7,0
Pollock;2000;7,0
Little Voice;1998;7,0
The Wackness;2008;7,0
The Great Train Robbery;1979;7,0
UHF;1989;7,0
Grandma's Boy;2006;7,0
Zero Effect;1998;7,0
The Cooler;2003;7,0
Poolhall Junkies;2002;7,0
Annie Get Your Gun;1950;7,0
Harper;1966;7,0
Trollhunter;2010;7,0
Time to Choose;2015;7,0
Real Women Have Curves;2002;7,0
The Dress;1996;7,0
A Guy Named Joe;1943;7,0
Jesus' Son;1999;7,0
Show Boat;1951;7,0
Courageous;2011;7,0
Alexander's Ragtime Band;1938;7,0
Harsh Times;2005;7,0
House of D;2004;7,0
A Funny Thing Happened on the Way to the Forum;1966;7,0
Buried;2010;7,0
Hang 'Em High;1968;7,0
Kids;1995;7,0
The Amazing Catfish;2013;7,0
Dracula: Pages from a Virgin's Diary;2002;7,0
Hellraiser;1987;7,0
Departure;2015;7,0
The Broken Hearts Club: A Romantic Comedy;2000;7,0
Dream with the Fishes;1997;7,0
Karachi se Lahore;2015;7,0
Trance;2013;7,0
London to Brighton;2006;7,0
Crop Circles: Quest for Truth;2002;7,0
Faith Connections;2013;7,0
Trekkies;1997;7,0
I Married a Strange Person!;1997;7,0
Urbania;2000;7,0
Mad Max;1979;7,0
Another Earth;2011;7,0
Perfect Cowboy;2014;7,0
Antarctic Edge: 70° South;2015;7,0
A Dog's Breakfast;2007;7,0
A Dog's Breakfast;2007;7,0
Hollywood Shuffle;1987;7,0
The Lost Skeleton of Cadavra;2001;7,0
Manito;2002;7,0
The Hunchback of Notre Dame;1996;6,9
National Treasure;2004;6,9
Green Zone;2010;6,9
Conan the Barbarian;1982;6,9
The Holiday;2006;6,9
Creepshow;1982;6,9
The Edge;1997;6,9
Vanilla Sky;2001;6,9
Oliver Twist;2005;6,9
Clear and Present Danger;1994;6,9
The Last Castle;2001;6,9
Elizabeth: The Golden Age;2007;6,9
Robin Hood: Prince of Thieves;1991;6,9
Patriot Games;1992;6,9
A Knight's Tale;2001;6,9
Extremely Loud & Incredibly Close;2011;6,9
The Hunting Party;2007;6,9
Water for Elephants;2011;6,9
Breakdown;1997;6,9
Radio;2003;6,9
A Good Year;2006;6,9
Radio Flyer;1992;6,9
Elf;2003;6,9
Dreamer: Inspired by a True Story;2005;6,9
Cats Don't Dance;1997;6,9
Cradle Will Rock;1999;6,9
Hearts in Atlantis;2001;6,9
Get Shorty;1995;6,9
Four Brothers;2005;6,9
Little Shop of Horrors;1986;6,9
Gridiron Gang;2006;6,9
Mumford;1999;6,9
Serendipity;2001;6,9
Rob Roy;1995;6,9
Anonymous;2011;6,9
The Duchess;2008;6,9
Mrs. Doubtfire;1993;6,9
Kingpin;1996;6,9
He Got Game;1998;6,9
Return to Me;2000;6,9
Bodyguards and Assassins;2009;6,9
Conan the Barbarian;1982;6,9
Simon Birch;1998;6,9
Bon voyage;2003;6,9
Steamboy;2004;6,9
Veronica Guerin;2003;6,9
Cop Land;1997;6,9
The Importance of Being Earnest;2002;6,9
Buffalo Soldiers;2001;6,9
Cool Runnings;1993;6,9
Tea with Mussolini;1999;6,9
Crooklyn;1994;6,9
Reign of Assassins;2010;6,9
The Emperor's Club;2002;6,9
The Upside of Anger;2005;6,9
History of the World: Part I;1981;6,9
The Molly Maguires;1970;6,9
An Ideal Husband;1999;6,9
Stripes;1981;6,9
Bill & Ted's Excellent Adventure;1989;6,9
The Last Dragon;1985;6,9
World's Greatest Dad;2009;6,9
Fifty Dead Men Walking;2008;6,9
Of Horses and Men;2013;6,9
You Only Live Twice;1967;6,9
Jab Tak Hai Jaan;2012;6,9
The Rose;1979;6,9
Yeh Jawaani Hai Deewani;2013;6,9
Creepshow;1982;6,9
Shadow of the Vampire;2000;6,9
When Did You Last See Your Father?;2007;6,9
Wild Target;2010;6,9
Soul Food;1997;6,9
The Work and the Glory;2004;6,9
Alias Betty;2001;6,9
The Devil's Rejects;2005;6,9
Wah-Wah;2005;6,9
The Wood;1999;6,9
Duel in the Sun;1946;6,9
Sunshine State;2002;6,9
Sunshine Cleaning;2008;6,9
Saved!;2004;6,9
Sea Rex 3D: Journey to a Prehistoric World;2010;6,9
Mirrormask;2005;6,9
The Good Heart;2009;6,9
The History Boys;2006;6,9
Woman Thou Art Loosed;2004;6,9
East Is East;1999;6,9
Basquiat;1996;6,9
Freeway;1996;6,9
Donovan's Reef;1963;6,9
That Thing You Do!;1996;6,9
8 Days;2014;6,9
It Follows;2014;6,9
The Diary of a Teenage Girl;2015;6,9
Repo Man;1984;6,9
Snow Angels;2007;6,9
House at the End of the Drive;2014;6,9
Faith Like Potatoes;2006;6,9
Martha Marcy May Marlene;2011;6,9
History of the World: Part I;1981;6,9
All the Real Girls;2003;6,9
The Last Big Thing;1996;6,9
Special;2006;6,9
Crying with Laughter;2009;6,9
Aqua Teen Hunger Force Colon Movie Film for Theaters;2007;6,9
The King of Najayo;2012;6,9
Napoleon Dynamite;2004;6,9
The Beyond;1981;6,9
My Beautiful Laundrette;1985;6,9
My Dog Tulip;2009;6,9
When the Cat's Away;1996;6,9
Lovely & Amazing;2001;6,9
On the Outs;2004;6,9
Jesus People;2007;6,9
The Business of Fancydancing;2002;6,9
Mutual Appreciation;2005;6,9
Flywheel;2003;6,9
El Mariachi;1992;6,9
Spectre;2015;6,8
TRON: Legacy;2010;6,8
Where the Wild Things Are;2009;6,8
Surf's Up;2007;6,8
Atlantis: The Lost Empire;2001;6,8
Bicentennial Man;1999;6,8
Over the Hedge;2006;6,8
Con Air;1997;6,8
The American President;1995;6,8
Any Given Sunday;1999;6,8
The Ghost and the Darkness;1996;6,8
Superman II;1980;6,8
Panic Room;2002;6,8
The Thomas Crown Affair;1999;6,8
Liar Liar;1997;6,8
From Hell;2001;6,8
The Hitchhiker's Guide to the Galaxy;2005;6,8
The Pledge;2001;6,8
Heaven's Gate;1980;6,8
Underworld: Evolution;2006;6,8
The Firm;1993;6,8
The Lake House;2006;6,8
Pandorum;2009;6,8
A Monster in Paris;2011;6,8
Snow Falling on Cedars;1999;6,8
From Hell;2001;6,8
The Nativity Story;2006;6,8
The Shipping News;2001;6,8
Ride with the Devil;1999;6,8
Bringing Out the Dead;1999;6,8
The Addams Family;1991;6,8
Bulworth;1998;6,8
Machine Gun Preacher;2011;6,8
For Your Eyes Only;1981;6,8
Rendition;2007;6,8
Martian Child;2007;6,8
The Curse of the Jade Scorpion;2001;6,8
Don Juan DeMarco;1994;6,8
Cirque du Soleil: Worlds Away;2012;6,8
Me and Orson Welles;2008;6,8
The Naked Gun 2½: The Smell of Fear;1991;6,8
1408;2007;6,8
The Transporter;2002;6,8
eXistenZ;1999;6,8
Street Kings;2008;6,8
Quigley Down Under;1990;6,8
To Die For;1995;6,8
Appaloosa;2008;6,8
Everyone Says I Love You;1996;6,8
Sea of Love;1989;6,8
The Fog;1980;6,8
Young Sherlock Holmes;1985;6,8
TRON: Legacy;2010;6,8
55 Days at Peking;1963;6,8
Detroit Rock City;1999;6,8
The Yellow Handkerchief;2008;6,8
Things to Do in Denver When You're Dead;1995;6,8
Mr. Turner;2014;6,8
Miracles from Heaven;2016;6,8
Young Guns;1988;6,8
Resurrecting the Champ;2007;6,8
Operation Chromite;2016;6,8
Beavis and Butt-Head Do America;1996;6,8
One Hour Photo;2002;6,8
Stoker;2013;6,8
Ondine;2009;6,8
Cypher;2002;6,8
Quartet;2012;6,8
Copying Beethoven;2006;6,8
A Prairie Home Companion;2006;6,8
The Matador;2005;6,8
Body Double;1984;6,8
Spider;2002;6,8
The Chambermaid on the Titanic;1997;6,8
Set It Off;1996;6,8
On Her Majesty's Secret Service;1969;6,8
Prefontaine;1997;6,8
Fido;2006;6,8
Swimming Pool;2003;6,8
Live and Let Die;1973;6,8
Logan's Run;1976;6,8
The Man with the Golden Gun;1974;6,8
Flirting with Disaster;1996;6,8
Redbelt;2008;6,8
La Bamba;1987;6,8
A Home at the End of the World;2004;6,8
Sliding Doors;1998;6,8
Bernie;2011;6,8
The Robe;1953;6,8
Bottle Shock;2008;6,8
Light Sleeper;1992;6,8
Capricorn One;1977;6,8
Tristram Shandy: A Cock and Bull Story;2005;6,8
Driving Lessons;2006;6,8
Trapeze;1956;6,8
Major Dundee;1965;6,8
Defendor;2009;6,8
The Witch;2015;6,8
La otra conquista;1998;6,8
Sinister;2012;6,8
Family Plot;1976;6,8
High Tension;2003;6,8
Get on the Bus;1996;6,8
Everything You Always Wanted to Know About Sex * But Were Afraid to Ask;1972;6,8
Thirteen;2003;6,8
Inside Deep Throat;2005;6,8
Eden Lake;2008;6,8
El crimen del padre Amaro;2002;6,8
My Summer of Love;2004;6,8
Bloodsport;1988;6,8
Insidious;2010;6,8
Housebound;2014;6,8
Wal-Mart: The High Cost of Low Price;2005;6,8
Fetching Cody;2005;6,8
The Fog;1980;6,8
Tom Jones;1963;6,8
October Baby;2011;6,8
Obvious Child;2014;6,8
Walking and Talking;1996;6,8
A Lego Brickumentary;2014;6,8
The Perfect Host;2010;6,8
Saints and Soldiers;2003;6,8
Sholem Aleichem: Laughing in the Darkness;2011;6,8
Born to Fly: Elizabeth Streb vs. Gravity;2014;6,8
Mutual Friends;2013;6,8
The Motel;2005;6,8
3;2010;6,8
Solitude;2014;6,8
Cheap Thrills;2013;6,8
The Night Visitor;1971;6,8
Tiger Orange;2014;6,8
Quantum of Solace;2008;6,7
Robin Hood;2010;6,7
Charlie and the Chocolate Factory;2005;6,7
Flushed Away;2006;6,7
Puss in Boots;2011;6,7
The Chronicles of Riddick;2004;6,7
K-19: The Widowmaker;2002;6,7
The Rundown;2003;6,7
RED 2;2013;6,7
Something's Gotta Give;2003;6,7
Conspiracy Theory;1997;6,7
Hidalgo;2004;6,7
Hairspray;2007;6,7
Anna and the King;1999;6,7
Escape Plan;2013;6,7
Primary Colors;1998;6,7
The Long Kiss Goodnight;1996;6,7
The Family Man;2000;6,7
Sinbad: Legend of the Seven Seas;2003;6,7
Event Horizon;1997;6,7
The Great Raid;2005;6,7
Just Like Heaven;2005;6,7
The Pirates! Band of Misfits;2012;6,7
Blade II;2002;6,7
Stepmom;1998;6,7
Unfaithful;2002;6,7
Absolute Power;1997;6,7
Free State of Jones;2016;6,7
The Bone Collector;1999;6,7
The Client;1994;6,7
The Living Daylights;1987;6,7
The Other Boleyn Girl;2008;6,7
Sweet November;2001;6,7
The Ninth Gate;1999;6,7
Ghosts of Mississippi;1996;6,7
Lethal Weapon 3;1992;6,7
Walk Hard: The Dewey Cox Story;2007;6,7
Analyze This;1999;6,7
Take the Lead;2006;6,7
Ripley's Game;2002;6,7
Taking Woodstock;2009;6,7
Hocus Pocus;1993;6,7
Return to Oz;1985;6,7
Money Monster;2016;6,7
Bridget Jones's Diary;2001;6,7
Nothing to Lose;1997;6,7
The Hoax;2006;6,7
Bad Lieutenant: Port of Call New Orleans;2009;6,7
Beyond the Sea;2004;6,7
Final Destination;2000;6,7
Marvin's Room;1996;6,7
Coco Before Chanel;2009;6,7
I Heart Huckabees;2004;6,7
Moonlight Mile;2002;6,7
Selena;1997;6,7
Paint Your Wagon;1969;6,7
Ghost Town;2008;6,7
The Oogieloves in the Big Balloon Adventure;2012;6,7
Shattered;2007;6,7
The Fall of the Roman Empire;1964;6,7
The Exorcism of Emily Rose;2005;6,7
Under the Tuscan Sun;2003;6,7
Small Time Crooks;2000;6,7
Center Stage;2000;6,7
Dragonslayer;1981;6,7
Midnight Special;2016;6,7
Renaissance;2006;6,7
Smokin' Aces;2006;6,7
Brooklyn's Finest;2009;6,7
Bobby Jones: Stroke of Genius;2004;6,7
The White Countess;2005;6,7
When the Game Stands Tall;2014;6,7
Ramona and Beezus;2010;6,7
Confidence;2003;6,7
A Mighty Heart;2007;6,7
Transsiberian;2008;6,7
White Fang;1991;6,7
Catch a Fire;2006;6,7
Easy Virtue;2008;6,7
Serial Mom;1994;6,7
The Call;2013;6,7
Oscar and Lucinda;1997;6,7
Tales from the Crypt: Demon Knight;1995;6,7
Rachel Getting Married;2008;6,7
Commando;1985;6,7
Kit Kittredge: An American Girl;2008;6,7
Seeking a Friend for the End of the World;2012;6,7
Bad Words;2013;6,7
Blood Done Sign My Name;2010;6,7
Eulogy;2004;6,7
The Lost City;2005;6,7
Heavy Metal;1981;6,7
The Best Man;1999;6,7
The Way of the Gun;2000;6,7
Shipwrecked;1990;6,7
Repo! The Genetic Opera;2008;6,7
Half Baked;1998;6,7
Rumble in the Bronx;1995;6,7
Albert Nobbs;2011;6,7
Diamonds Are Forever;1971;6,7
The Heart of Me;2002;6,7
Hard to Be a God;2013;6,7
Only the Strong;1993;6,7
Morvern Callar;2002;6,7
The Greatest;2009;6,7
Bend It Like Beckham;2002;6,7
Mambo Italiano;2003;6,7
Mommie Dearest;1981;6,7
Henry & Me;2014;6,7
Should've Been Romeo;2012;6,7
Lady in White;1988;6,7
Police Academy;1984;6,7
Silent Movie;1976;6,7
Easy Money;2010;6,7
The Greatest Show on Earth;1952;6,7
The Rules of Attraction;2002;6,7
Four Rooms;1995;6,7
High Anxiety;1977;6,7
The Dead Girl;2006;6,7
Torn Curtain;1966;6,7
Just Looking;1999;6,7
Kevin Hart: Let Me Explain;2013;6,7
Brick Lane;2007;6,7
Sharkskin;2015;6,7
Six-String Samurai;1998;6,7
Kissing Jessica Stein;2001;6,7
The Ballad of Jack and Rose;2005;6,7
Mooz-Lum;2010;6,7
Pontypool;2008;6,7
Trucker;2008;6,7
The Holy Girl;2004;6,7
Silent Running;1972;6,7
Next Stop Wonderland;1998;6,7
Blue Car;2002;6,7
Loving Annabelle;2006;6,7
Elza;2011;6,7
Celeste & Jesse Forever;2012;6,7
Tumbleweeds;1999;6,7
Old Joy;2006;6,7
American Desi;2001;6,7
Theresa Is a Mother;2012;6,7
Sound of My Voice;2011;6,7
Facing the Giants;2006;6,7
The Dirties;2013;6,7
Pink Narcissus;1971;6,7
Tin Can Man;2007;6,7
John Carter;2012;6,6
Prince of Persia: The Sands of Time;2010;6,6
The Polar Express;2004;6,6
Armageddon;1998;6,6
Lethal Weapon 4;1998;6,6
Australia;2008;6,6
The 13th Warrior;1999;6,6
Rush Hour 2;2001;6,6
What Lies Beneath;2000;6,6
It's Complicated;2009;6,6
Monster House;2006;6,6
Bandits;2001;6,6
Hostage;2005;6,6
Titan A.E.;2000;6,6
Talladega Nights: The Ballad of Ricky Bobby;2006;6,6
Ransom;1996;6,6
Wyatt Earp;1994;6,6
U-571;2000;6,6
Antz;1998;6,6
Flyboys;2006;6,6
Shanghai Noon;2000;6,6
The Forbidden Kingdom;2008;6,6
Central Intelligence;2016;6,6
Curious George;2006;6,6
Silent Hill;2006;6,6
Courage Under Fire;1996;6,6
Dune;1984;6,6
16 Blocks;2006;6,6
The Mechanic;2011;6,6
Licence to Kill;1989;6,6
Vantage Point;2008;6,6
Secret Window;2004;6,6
The Odd Life of Timothy Green;2012;6,6
Star Trek: Generations;1994;6,6
White Squall;1996;6,6
Austin Powers: The Spy Who Shagged Me;1999;6,6
Underworld: Rise of the Lycans;2009;6,6
J. Edgar;2011;6,6
Blast from the Past;1999;6,6
Midnight in the Garden of Good and Evil;1997;6,6
Hoffa;1992;6,6
The Prince of Tides;1991;6,6
Black Rain;1989;6,6
Drag Me to Hell;2009;6,6
30 Days of Night;2007;6,6
The Running Man;1987;6,6
The Good Thief;2002;6,6
Octopussy;1983;6,6
Kiss the Girls;1997;6,6
The Magic Flute;2006;6,6
Flatliners;1990;6,6
Nanny McPhee;2005;6,6
Kiss of the Dragon;2001;6,6
EuroTrip;2004;6,6
Blindness;2008;6,6
Derailed;2005;6,6
Summer of Sam;1999;6,6
Copycat;1995;6,6
Home for the Holidays;1995;6,6
The Greatest Story Ever Told;1965;6,6
The Man Who Knew Too Little;1997;6,6
The Weather Man;2005;6,6
Star Trek III: The Search for Spock;1984;6,6
Diary of a Wimpy Kid: Rodrick Rules;2011;6,6
Dragon Hunters;2008;6,6
Arn: The Knight Templar;2007;6,6
Hollywood Ending;2002;6,6
Ararat;2002;6,6
Wasabi;2001;6,6
Bad Grandpa;2013;6,6
The Last House on the Left;2009;6,6
De-Lovely;2004;6,6
Dark Blue;2002;6,6
Promised Land;2012;6,6
Pandaemonium;2000;6,6
Jonah: A VeggieTales Movie;2002;6,6
A Walk on the Moon;1999;6,6
Attack the Block;2011;6,6
I Love You Phillip Morris;2009;6,6
The Funeral;1996;6,6
Yentl;1983;6,6
Living Out Loud;1998;6,6
The Postman Always Rings Twice;1981;6,6
Pet Sematary;1989;6,6
For Greater Glory: The True Story of Cristiada;2012;6,6
Black or White;2014;6,6
Romeo Is Bleeding;1993;6,6
The Swindle;1997;6,6
Rosewater;2014;6,6
Severance;2006;6,6
The Runaways;2010;6,6
The Legend of Suriyothai;2001;6,6
Opal Dream;2006;6,6
Clay Pigeons;1998;6,6
Dear Wendy;2004;6,6
Auto Focus;2002;6,6
The Work and the Glory II: American Zion;2005;6,6
The Flower of Evil;2003;6,6
[Rec] 2;2009;6,6
Wonderland;2003;6,6
Insidious: Chapter 2;2013;6,6
Saw II;2005;6,6
Jackass: The Movie;2002;6,6
A Nightmare on Elm Street 3: Dream Warriors;1987;6,6
The Egyptian;1954;6,6
My Big Fat Greek Wedding;2002;6,6
A Farewell to Arms;1932;6,6
Robin and Marian;1976;6,6
Slums of Beverly Hills;1998;6,6
Blackthorn;2011;6,6
Thumbsucker;2005;6,6
Shooting Fish;1997;6,6
Purple Violets;2007;6,6
Day One;2012;6,6
Class of 1984;1982;6,6
The Original Kings of Comedy;2000;6,6
Krush Groove;1985;6,6
Please Give;2010;6,6
DysFunktional Family;2003;6,6
Sardaar Ji;2015;6,6
Sur le seuil;2003;6,6
Valley of the Heart's Delight;2006;6,6
Idiocracy;2006;6,6
London;2005;6,6
Sherrybaby;2006;6,6
Coffee Town;2013;6,6
The Greatest Movie Ever Sold;2011;6,6
Incident at Loch Ness;2004;6,6
But I'm a Cheerleader;1999;6,6
Cotton Comes to Harlem;1970;6,6
The Howling;1981;6,6
Interview with the Assassin;2002;6,6
Broken Vessels;1998;6,6
Lonesome Jim;2005;6,6
Everything Put Together;2000;6,6
Enter Nowhere;2011;6,6
The Prophecy;1995;6,6
Fighting Tommy Riley;2004;6,6
The Looking Glass;2015;6,6
Chuck & Buck;2000;6,6
Horse Camp;2014;6,6
The Blood of My Brother;2005;6,6
The Last House on the Left;2009;6,6
The Brothers McMullen;1995;6,6
This Is Martin Bonner;2013;6,6
The Puffy Chair;2005;6,6
My Date with Drew;2004;6,6
Alice in Wonderland;2010;6,5
Monsters vs. Aliens;2009;6,5
War of the Worlds;2005;6,5
Tomorrow Never Dies;1997;6,5
Gone in Sixty Seconds;2000;6,5
Happy Feet;2006;6,5
Get Smart;2008;6,5
The Lost World: Jurassic Park;1997;6,5
Spanglish;2004;6,5
The Village;2004;6,5
You've Got Mail;1998;6,5
The Horse Whisperer;1998;6,5
Ladder 49;2004;6,5
A Civil Action;1998;6,5
Beyond Borders;2003;6,5
Instinct;1999;6,5
From Paris with Love;2010;6,5
The Replacements;2000;6,5
Out of Time;2003;6,5
For Love of the Game;1999;6,5
Hereafter;2010;6,5
Basic;2003;6,5
The International;2009;6,5
The Cotton Club;1984;6,5
Changing Lanes;2002;6,5
Big Trouble;2002;6,5
Here Comes the Boom;2012;6,5
The Mirror Has Two Faces;1996;6,5
The Mothman Prophecies;2002;6,5
The Skeleton Key;2005;6,5
Big Miracle;2012;6,5
Soul Men;2008;6,5
The Grandmaster;2013;6,5
City of Ember;2008;6,5
The Four Feathers;2002;6,5
The Punisher;2004;6,5
Extraordinary Measures;2010;6,5
Harlock: Space Pirate;2013;6,5
A Walk Among the Tombstones;2014;6,5
Red Eye;2005;6,5
Stop-Loss;2008;6,5
Where the Truth Lies;2005;6,5
Kung Fu Killer;2014;6,5
Homefront;2013;6,5
My Fellow Americans;1996;6,5
Wild Things;1998;6,5
Daybreakers;2009;6,5
Passchendaele;2008;6,5
The Crazies;2010;6,5
Sex Drive;2008;6,5
Youth in Revolt;2009;6,5
Hoodwinked!;2005;6,5
Evil Dead;2013;6,5
Fur: An Imaginary Portrait of Diane Arbus;2006;6,5
Road Trip;2000;6,5
Madison;2001;6,5
Slither;2006;6,5
Snitch;2013;6,5
Jakob the Liar;1999;6,5
Funny Games;2007;6,5
A Perfect Getaway;2009;6,5
Caravans;1978;6,5
Margaret;2011;6,5
Crazy/Beautiful;2001;6,5
The Claim;2000;6,5
Act of Valor;2012;6,5
Twilight Zone: The Movie;1983;6,5
Road House;1989;6,5
Can't Hardly Wait;1998;6,5
Mo' Better Blues;1990;6,5
Drop Dead Gorgeous;1999;6,5
Bamboozled;2000;6,5
The Joneses;2009;6,5
Elsa & Fred;2014;6,5
Gunless;2010;6,5
Child's Play;1988;6,5
The Purge: Anarchy;2014;6,5
PCU;1994;6,5
Veronika Decides to Die;2009;6,5
Crocodile Dundee;1986;6,5
Awake;2007;6,5
Brown Sugar;2002;6,5
The Inkwell;1994;6,5
Down in the Valley;2005;6,5
The Blood of Heroes;1989;6,5
The Claim;2000;6,5
The Other Side of Heaven;2001;6,5
The Mighty Macs;2009;6,5
Freeheld;2015;6,5
Dolphins and Whales 3D: Tribes of the Ocean;2008;6,5
Freaky Deaky;2012;6,5
The Awakening;2011;6,5
Life During Wartime;2009;6,5
Mean Machine;2001;6,5
Night Watch;2004;6,5
You Kill Me;2007;6,5
Stake Land;2010;6,5
Ira & Abby;2006;6,5
Choke;2008;6,5
Phantasm II;1988;6,5
Alice in Wonderland;2010;6,5
Boynton Beach Club;2005;6,5
Bathing Beauty;1944;6,5
Shortbus;2006;6,5
Meek's Cutoff;2010;6,5
Subway;1985;6,5
Killing Zoe;1993;6,5
Session 9;2001;6,5
Stolen Summer;2002;6,5
Batman: The Movie;1966;6,5
The Basket;1999;6,5
The Blue Bird;1940;6,5
Snitch;2013;6,5
Deterrence;1999;6,5
Naturally Native;1998;6,5
Hav Plenty;1997;6,5
The Kentucky Fried Movie;1977;6,5
Fireproof;2008;6,5
Groove;2000;6,5
Hurricane Streets;1997;6,5
The Living Wake;2007;6,5
The Incredibly True Adventure of Two Girls in Love;1995;6,5
Little Big Top;2006;6,5
She Done Him Wrong;1933;6,5
Middle of Nowhere;2012;6,5
Good Dick;2008;6,5
She's Gotta Have It;1986;6,5
The World Is Mine;2015;6,5
Down Terrace;2009;6,5
Shrek Forever After;2010;6,4
Alice Through the Looking Glass;2016;6,4
Final Fantasy: The Spirits Within;2001;6,4
The World Is Not Enough;1999;6,4
Salt;2010;6,4
Harry Potter and the Deathly Hallows: Part I;2010;6,4
The Perfect Storm;2000;6,4
Night at the Museum;2006;6,4
The Taking of Pelham 1 2 3;2009;6,4
The Interpreter;2005;6,4
Air Force One;1997;6,4
Charlotte's Web;2006;6,4
The Longest Yard;2005;6,4
Funny People;2009;6,4
Star Trek: Insurrection;1998;6,4
Underworld: Awakening;2012;6,4
The Sum of All Fears;2002;6,4
Space Cowboys;2000;6,4
Cliffhanger;1993;6,4
The Dictator;2012;6,4
Death Race;2008;6,4
The Scorch Trials;2015;6,4
Star Trek: Nemesis;2002;6,4
DragonHeart;1996;6,4
Bowfinger;1999;6,4
Death Becomes Her;1992;6,4
Executive Decision;1996;6,4
Alien 3;1992;6,4
Ninja Assassin;2009;6,4
Blood Work;2002;6,4
The Messenger: The Story of Joan of Arc;1999;6,4
Death to Smoochy;2002;6,4
Rat Race;2001;6,4
Kate & Leopold;2001;6,4
Riding in Cars with Boys;2001;6,4
Last Holiday;2006;6,4
Love in the Time of Cholera;2007;6,4
Double Jeopardy;1999;6,4
Get Him to the Greek;2010;6,4
Predators;2010;6,4
Marie Antoinette;2006;6,4
Grudge Match;2013;6,4
Dragon Nest: Warriors' Dawn;2014;6,4
Switchback;1997;6,4
Dolphin Tale 2;2014;6,4
Star Trek: The Motion Picture;1979;6,4
Flash Gordon;1980;6,4
Smilla's Sense of Snow;1997;6,4
Phenomenon;1996;6,4
The Number 23;2007;6,4
The Quick and the Dead;1995;6,4
Big Daddy;1999;6,4
Naked Gun 33 1/3: The Final Insult;1994;6,4
Fright Night;2011;6,4
The Last Stand;2013;6,4
Keeping the Faith;2000;6,4
Once Upon a Time in Mexico;2003;6,4
Flawless;1999;6,4
Mindhunters;2004;6,4
The Raven;2012;6,4
Brokedown Palace;1999;6,4
The Santa Clause;1994;6,4
Our Kind of Traitor;2016;6,4
Diary of a Wimpy Kid: Dog Days;2012;6,4
The Libertine;2004;6,4
Stick It;2006;6,4
Pooh's Heffalump Movie;2005;6,4
Be Kind Rewind;2008;6,4
Bandslam;2009;6,4
The Yards;2000;6,4
Rapa Nui;1994;6,4
The Frozen Ground;2013;6,4
Won't Back Down;2012;6,4
Anything Else;2003;6,4
The Hills Have Eyes;2006;6,4
Roar;1981;6,4
Baby Boy;2001;6,4
The Woman in Black;2012;6,4
The Faculty;1998;6,4
New York Stories;1989;6,4
The Assassin;2015;6,4
Centurion;2010;6,4
Dirty Work;1998;6,4
Womb;2010;6,4
Solitary Man;2009;6,4
Welcome to Collinwood;2002;6,4
The Life Before Her Eyes;2007;6,4
F.I.S.T.;1978;6,4
Jindabyne;2006;6,4
There Goes My Baby;1994;6,4
The Mighty Ducks;1992;6,4
Hamlet 2;2008;6,4
New Nightmare;1994;6,4
The City of Your Final Destination;2009;6,4
Brooklyn Rules;2007;6,4
10th & Wolf;2006;6,4
Shopgirl;2005;6,4
Outside Providence;1999;6,4
Factory Girl;2006;6,4
Shade;2003;6,4
Perrier's Bounty;2009;6,4
Van Wilder: Party Liaison;2002;6,4
The Business of Strangers;2001;6,4
Stiff Upper Lips;1998;6,4
Nighthawks;1981;6,4
Everything Must Go;2010;6,4
Mozart's Sister;2010;6,4
Winter Passing;2005;6,4
Dreaming of Joseph Lees;1999;6,4
Feast;2005;6,4
Freakonomics;2010;6,4
Clockwatchers;1997;6,4
Freeze Frame;2004;6,4
Northfork;2003;6,4
ABCD (Any Body Can Dance);2013;6,4
The House of the Devil;2009;6,4
The Quiet;2005;6,4
The Brass Teapot;2012;6,4
Dead Snow;2009;6,4
Julija in alfa Romeo;2015;6,4
The Singles Ward;2002;6,4
Monsters;2010;6,4
Some Guy Who Kills People;2011;6,4
Compliance;2012;6,4
Love and Other Catastrophes;1996;6,4
The Grace Card;2010;6,4
Gabriela;1983;6,4
Funny Ha Ha;2002;6,4
Newlyweds;2011;6,4
Jack the Giant Slayer;2013;6,3
Transformers: Dark of the Moon;2011;6,3
Beowulf;2007;6,3
Teenage Mutant Ninja Turtles: Out of the Shadows;2016;6,3
The Mummy Returns;2001;6,3
Twister;1996;6,3
Robots;2005;6,3
Surrogates;2009;6,3
Wall Street: Money Never Sleeps;2010;6,3
Dracula Untold;2014;6,3
The Siege;1998;6,3
Hart's War;2002;6,3
Meet the Fockers;2004;6,3
The General's Daughter;1999;6,3
The Jackal;1997;6,3
Paycheck;2003;6,3
Alien: Resurrection;1997;6,3
Intolerable Cruelty;2003;6,3
After the Sunset;2004;6,3
Tango & Cash;1989;6,3
Gods and Generals;2003;6,3
Don't Say a Word;2001;6,3
Gremlins 2: The New Batch;1990;6,3
Assassins;1995;6,3
The Adventures of Ford Fairlane;1990;6,3
Tin Cup;1996;6,3
The River Wild;1994;6,3
Johnny English Reborn;2011;6,3
High Crimes;2002;6,3
The Warrior's Way;2010;6,3
The Deep End of the Ocean;1999;6,3
In & Out;1997;6,3
The Cell;2000;6,3
Femme Fatale;2002;6,3
Thunder and the House of Magic;2013;6,3
Transporter 2;2005;6,3
Repo Men;2010;6,3
Criminal;2016;6,3
Moonraker;1979;6,3
Arachnophobia;1990;6,3
Hope Springs;2012;6,3
A View to a Kill;1985;6,3
Assault on Precinct 13;2005;6,3
Along Came a Spider;2001;6,3
Formula 51;2001;6,3
Snow White: A Tale of Terror;1997;6,3
Mr. Bean's Holiday;2007;6,3
War;2007;6,3
A Perfect Plan;2012;6,3
Nurse Betty;2000;6,3
Forsaken;2015;6,3
Hardball;2001;6,3
The Tigger Movie;2000;6,3
The American;2010;6,3
One Night with the King;2006;6,3
Triple 9;2016;6,3
Connie and Carla;2004;6,3
Kansas City;1996;6,3
Peggy Sue Got Married;1986;6,3
Forsaken;2015;6,3
Hitman;2007;6,3
Beerfest;2006;6,3
You Will Meet a Tall Dark Stranger;2010;6,3
Crazy in Alabama;1999;6,3
Wild Grass;2009;6,3
Under the Skin;2013;6,3
The Astronaut Farmer;2006;6,3
Chloe;2009;6,3
Barbershop;2002;6,3
Young Adult;2011;6,3
For Your Consideration;2006;6,3
Celebrity;1998;6,3
Out Cold;2001;6,3
Romance & Cigarettes;2005;6,3
The Blue Butterfly;2004;6,3
Devil;2010;6,3
Very Bad Things;1998;6,3
Cedar Rapids;2011;6,3
Krrish;2006;6,3
Edmond;2005;6,3
Adam Resurrected;2008;6,3
The Boondock Saints II: All Saints Day;2009;6,3
The Land Girls;1998;6,3
Code 46;2003;6,3
A Dog of Flanders;1999;6,3
March or Die;1977;6,3
Somewhere;2010;6,3
Bran Nue Dae;2009;6,3
Deadfall;2012;6,3
Grabbers;2012;6,3
Lone Wolf McQuade;1983;6,3
Force 10 from Navarone;1978;6,3
Party Monster;2003;6,3
Topaz;1969;6,3
Psycho Beach Party;2000;6,3
The Big Tease;1999;6,3
An Everlasting Piece;2000;6,3
A Lonely Place to Die;2011;6,3
Nothing;2003;6,3
How to Fall in Love;2012;6,3
Letters to God;2010;6,3
Escape from the Planet of the Apes;1971;6,3
Antibirth;2016;6,3
Lies in Plain Sight;2010;6,3
Highway;2002;6,3
Abandoned;2015;6,3
Higher Ground;2011;6,3
Living Dark: The Story of Ted the Caver;2013;6,3
I Spit on Your Grave;2010;6,3
My Name Is Bruce;2007;6,3
Once Upon a Time in Queens;2013;6,3
The Blue Room;2014;6,3
16 to Life;2009;6,3
Kill List;2011;6,3
The Sisterhood of Night;2014;6,3
Water & Power;2013;6,3
Paranormal Activity;2007;6,3
The Broadway Melody;1929;6,3
The Sticky Fingers of Time;1997;6,3
Tadpole;2000;6,3
Supporting Characters;2012;6,3
Tiny Furniture;2010;6,3
The Exploding Girl;2009;6,3
Rampage;2009;6,3
Cavite;2005;6,3
A Plague So Pleasant;2013;6,3
Shanghai Calling;2012;6,3
Rush Hour 3;2007;6,2
Bee Movie;2007;6,2
The Saint;1997;6,2
Open Season;2006;6,2
Last Action Hero;1993;6,2
Wolf;1994;6,2
Osmosis Jones;2001;6,2
Proof of Life;2000;6,2
Austin Powers in Goldmember;2002;6,2
Duplicity;2009;6,2
Flightplan;2005;6,2
All the King's Men;2006;6,2
Shanghai Knights;2003;6,2
Hannibal Rising;2007;6,2
Mad City;1997;6,2
Beautiful Creatures;2013;6,2
Miss Congeniality;2000;6,2
Scream 4;2011;6,2
Fever Pitch;2005;6,2
The Magic Sword: Quest for Camelot;1998;6,2
City Hall;1996;6,2
Alfie;2004;6,2
Impostor;2001;6,2
Hackers;1995;6,2
Never Say Never Again;1983;6,2
Sky High;2005;6,2
The Ladykillers;2004;6,2
Mirrors;2008;6,2
Predator 2;1990;6,2
Untraceable;2008;6,2
Jersey Girl;2004;6,2
Parker;2013;6,2
Lions for Lambs;2007;6,2
Stigmata;1999;6,2
The Princess Diaries;2001;6,2
The First Wives Club;1996;6,2
Deliver Us from Evil;2014;6,2
Case 39;2009;6,2
The Statement;2003;6,2
Final Destination 2;2003;6,2
Mrs. Winterbourne;1996;6,2
Ironclad;2011;6,2
The Men Who Stare at Goats;2009;6,2
Muppets from Space;1999;6,2
Chéri;2009;6,2
Vanity Fair;2004;6,2
The Game Plan;2007;6,2
Darling Lili;1970;6,2
Bill & Ted's Bogus Journey;1991;6,2
Man of the Year;2006;6,2
Willard;2003;6,2
The Game of Their Lives;2005;6,2
Three Kingdoms: Resurrection of the Dragon;2008;6,2
Firestorm;2013;6,2
Land of the Dead;2005;6,2
Legally Blonde;2001;6,2
One Man's Hero;1999;6,2
Red Lights;2012;6,2
Good;2008;6,2
Krampus;2015;6,2
The Craft;1996;6,2
Killing Them Softly;2012;6,2
Idlewild;2006;6,2
Idle Hands;1999;6,2
Ong-bak 2;2008;6,2
Freedom;2014;6,2
Casino Jack;2010;6,2
How High;2001;6,2
Running with Scissors;2006;6,2
A Tale of Three Cities;2015;6,2
The Perez Family;1995;6,2
Machine Gun McCain;1969;6,2
Saw III;2006;6,2
Mad Max Beyond Thunderdome;1985;6,2
Kung Pow: Enter the Fist;2002;6,2
Cecil B. DeMented;2000;6,2
Illuminata;1998;6,2
Coriolanus;2011;6,2
High Heels and Low Lifes;2001;6,2
Gracie;2007;6,2
Princess Kaiulani;2009;6,2
Splash;1984;6,2
Warlock;1989;6,2
Bride & Prejudice;2004;6,2
Split Second;1992;6,2
Dom Hemingway;2013;6,2
Gerry;2002;6,2
The Adventures of Huck Finn;1993;6,2
Mr. Nice Guy;1997;6,2
Mystic Pizza;1988;6,2
Come Early Morning;2006;6,2
Lucky Break;2001;6,2
Animals;2014;6,2
Dum Maaro Dum;2011;6,2
April Fool's Day;1986;6,2
The Beastmaster;1982;6,2
Solomon and Sheba;1959;6,2
Jekyll and Hyde... Together Again;1982;6,2
Tycoon;1947;6,2
Desert Blue;1998;6,2
The Visit;2015;6,2
Redacted;2007;6,2
The Cottage;2008;6,2
Treading Water;2013;6,2
Cargo;2009;6,2
Porky's;1981;6,2
Red State;2011;6,2
The Eclipse;2009;6,2
The Deported;2009;6,2
Iguana;1988;6,2
Chicago Overcoat;2009;6,2
The Other End of the Line;2008;6,2
The Missing Person;2009;6,2
I Want Someone to Eat Cheese With;2006;6,2
The Hebrew Hammer;2003;6,2
Certifiably Jonathan;2007;6,2
Airborne;1993;6,2
Beyond the Valley of the Dolls;1970;6,2
Love Me Tender;1956;6,2
Fiza;2000;6,2
Orgazmo;1997;6,2
Jimmy and Judy;2006;6,2
Vessel;2012;6,2
Finishing the Game: The Search for a New Bruce Lee;2007;6,2
The Toxic Avenger;1984;6,2
Poultrygeist: Night of the Chicken Dead;2006;6,2
Death Race 2000;1975;6,2
The Christmas Bunny;2010;6,2
Shooting the Warwicks;2015;6,2
Breaking Upwards;2009;6,2
Superman Returns;2006;6,1
Waterworld;1995;6,1
Snow White and the Huntsman;2012;6,1
Shrek the Third;2007;6,1
Die Another Day;2002;6,1
Fun with Dick and Jane;2005;6,1
Speed Racer;2008;6,1
Eraser;1996;6,1
The Devil's Own;1997;6,1
Deep Impact;1998;6,1
Bedtime Stories;2008;6,1
Flight of the Phoenix;2004;6,1
Sucker Punch;2011;6,1
Sky Captain and the World of Tomorrow;2004;6,1
The Kid;2000;6,1
Dragon Blade;2015;6,1
Up Close & Personal;1996;6,1
The Tale of Despereaux;2008;6,1
Practical Magic;1998;6,1
The Sentinel;2006;6,1
Planet 51;2009;6,1
Mercury Rising;1998;6,1
Dragonfly;2002;6,1
Inkheart;2008;6,1
Hansel & Gretel: Witch Hunters;2013;6,1
Dick Tracy;1990;6,1
Johnny English;2003;6,1
Shall We Dance;2004;6,1
Small Soldiers;1998;6,1
Renaissance Man;1994;6,1
Extreme Measures;1996;6,1
A Man Apart;2003;6,1
Heist;2015;6,1
Nanny McPhee Returns;2010;6,1
The Good German;2006;6,1
Rugrats in Paris: The Movie;2000;6,1
13 Going on 30;2004;6,1
Message in a Bottle;1999;6,1
Larry Crowne;2011;6,1
The Replacement Killers;1998;6,1
Antitrust;2001;6,1
Captain Alatriste: The Spanish Musketeer;2006;6,1
Blood and Wine;1996;6,1
Parental Guidance;2012;6,1
Romeo Must Die;2000;6,1
Money Talks;1997;6,1
Lifeforce;1985;6,1
A Turtle's Tale: Sammy's Adventures;2010;6,1
Scream 2;1997;6,1
The Waterboy;1998;6,1
Someone Like You...;2001;6,1
Swing Vote;2008;6,1
Lakeview Terrace;2008;6,1
Eye for an Eye;1996;6,1
Vampires;1998;6,1
Lockout;2012;6,1
Undisputed;2002;6,1
Three to Tango;1999;6,1
Birth;2004;6,1
The Tailor of Panama;2001;6,1
Private Benjamin;1980;6,1
The Wedding Date;2005;6,1
Knockaround Guys;2001;6,1
The Midnight Meat Train;2008;6,1
Save the Last Dance;2001;6,1
Loaded Weapon 1;1993;6,1
This Christmas;2007;6,1
The Big Hit;1998;6,1
Two Can Play That Game;2001;6,1
Dick;1999;6,1
Birthday Girl;2001;6,1
The Killer Inside Me;2010;6,1
Cat People;1982;6,1
Space Battleship Yamato;2010;6,1
The Purge: Election Year;2016;6,1
Jeepers Creepers;2001;6,1
Insidious: Chapter 3;2015;6,1
Wrong Turn;2003;6,1
The Collection;2012;6,1
Next Friday;2000;6,1
Gentlemen Broncos;2009;6,1
Two Evil Eyes;1990;6,1
Barbecue;2014;6,1
Heist;2015;6,1
The I Inside;2004;6,1
In Too Deep;1999;6,1
Tales from the Hood;1995;6,1
Snow Flower and the Secret Fan;2011;6,1
Not Easily Broken;2009;6,1
Albino Alligator;1996;6,1
Dead Like Me: Life After Death;2009;6,1
The Sweeney;2012;6,1
Futuro Beach;2014;6,1
The Betrayed;2008;6,1
August;2011;6,1
Beneath the Planet of the Apes;1970;6,1
Hobo with a Shotgun;2011;6,1
Griff the Invisible;2010;6,1
Anatomy;2000;6,1
Grave Encounters;2011;6,1
Small Apartments;2012;6,1
Ed and His Dead Mother;1993;6,1
Conquest of the Planet of the Apes;1972;6,1
Grace Unplugged;2013;6,1
Road Hard;2015;6,1
Mercury Rising;1998;6,1
Friday the 13th Part 2;1981;6,1
Down and Out with the Dolls;2001;6,1
Grand Theft Parsons;2003;6,1
Beyond the Black Rainbow;2010;6,1
Lake Mungo;2008;6,1
The Battle of Shaker Heights;2003;6,1
Safe Men;1998;6,1
Alone with Her;2006;6,1
Childless;2008;6,1
Love Letters;1983;6,1
Benji;1974;6,1
The Dark Hours;2005;6,1
Maniac;2012;6,1
Sugar Town;1999;6,1
Cat People;1982;6,1
The Signal;2014;6,1
Pink Flamingos;1972;6,1
On the Downlow;2004;6,1
How the Grinch Stole Christmas;2000;6,0
Windtalkers;2002;6,0
The Alamo;2004;6,0
The Fast and the Furious: Tokyo Drift;2006;6,0
The Postman;1997;6,0
The Last Witch Hunter;2015;6,0
Arthur and the Invisibles;2006;6,0
Soldier;1998;6,0
Carriers;2009;6,0
Sphere;1998;6,0
The SpongeBob Movie: Sponge Out of Water;2015;6,0
S.W.A.T.;2003;6,0
Mystery Men;1999;6,0
Broken Arrow;1996;6,0
World Trade Center;2006;6,0
Righteous Kill;2008;6,0
Xi you ji zhi: Sun Wukong san da Baigu Jing;2016;6,0
Leatherheads;2008;6,0
Disclosure;1994;6,0
Mr. Popper's Penguins;2011;6,0
The Hunted;2003;6,0
Dream House;2011;6,0
Bedazzled;2000;6,0
The Cable Guy;1996;6,0
Multiplicity;1996;6,0
Deep Rising;1998;6,0
28 Days;2000;6,0
Medicine Man;1992;6,0
The Shadow;1994;6,0
Nomad: The Warrior;2005;6,0
Nim's Island;2008;6,0
Krull;1983;6,0
American Outlaws;2001;6,0
Punisher: War Zone;2008;6,0
Pushing Tin;1999;6,0
Doomsday;2008;6,0
Baby Mama;2008;6,0
1911;2011;6,0
Divine Secrets of the Ya-Ya Sisterhood;2002;6,0
The Newton Boys;1998;6,0
Kindergarten Cop;1990;6,0
Original Sin;2001;6,0
Jimmy Neutron: Boy Genius;2001;6,0
Teenage Mutant Ninja Turtles II: The Secret of the Ooze;1991;6,0
Ice Princess;2005;6,0
Harley Davidson and the Marlboro Man;1991;6,0
For Colored Girls;2010;6,0
We're No Angels;1989;6,0
Les couloirs du temps: Les visiteurs II;1998;6,0
City of Ghosts;2002;6,0
Duets;2000;6,0
Twins;1988;6,0
Firestarter;1984;6,0
Winnie Mandela;2011;6,0
Bathory: Countess of Blood;2008;6,0
Dead Man on Campus;1998;6,0
The Caveman's Valentine;2001;6,0
Light It Up;1999;6,0
Quarantine;2008;6,0
The Alamo;2004;6,0
Critical Care;1997;6,0
The Cry of the Owl;2009;6,0
Saw VI;2009;6,0
Raising Cain;1992;6,0
Kabhi Alvida Naa Kehna;2006;6,0
Roll Bounce;2005;6,0
The Corruptor;1999;6,0
Plastic;2014;6,0
The Girl on the Train;2009;6,0
Valley of the Wolves: Iraq;2006;6,0
Showdown in Little Tokyo;1991;6,0
Pathology;2008;6,0
The Hotel New Hampshire;1984;6,0
Men with Brooms;2002;6,0
House of 1000 Corpses;2003;6,0
Ca$h;2010;6,0
Alpha and Omega 4: The Legend of the Saw Toothed Cave;2014;6,0
Saving Private Perez;2011;6,0
Let's Go to Prison;2006;6,0
Another Happy Day;2011;6,0
Desert Dancer;2014;6,0
Creepshow 2;1987;6,0
Kama Sutra: A Tale of Love;1996;6,0
Beer League;2006;6,0
Jack Brooks: Monster Slayer;2007;6,0
The Torture Chamber of Dr. Sadism;1967;6,0
Forty Shades of Blue;2005;6,0
Home Run;2013;6,0
Blue Like Jazz;2012;6,0
Godzilla 2000;1999;6,0
The Specials;2000;6,0
Never Again;2001;6,0
Show Me;2004;6,0
Baghead;2008;6,0
Counting;2015;6,0
Night at the Museum: Battle of the Smithsonian;2009;5,9
Happy Feet 2;2011;5,9
Stuart Little;1999;5,9
The 6th Day;2000;5,9
The Time Machine;2002;5,9
The Legend of Zorro;2005;5,9
The Brothers Grimm;2005;5,9
The Invasion;2007;5,9
Vertical Limit;2000;5,9
First Knight;1995;5,9
Snake Eyes;1998;5,9
Rock of Ages;2012;5,9
Hall Pass;2011;5,9
Abraham Lincoln: Vampire Hunter;2012;5,9
Blade: Trinity;2004;5,9
3000 Miles to Graceland;2001;5,9
Wild Hogs;2007;5,9
Days of Thunder;1990;5,9
Analyze That;2002;5,9
Red Tails;2012;5,9
Captain Corelli's Mandolin;2001;5,9
Free Birds;2013;5,9
Shaft;2000;5,9
Beloved;1998;5,9
Lucky You;2007;5,9
The Peacemaker;1997;5,9
Bridget Jones: The Edge of Reason;2004;5,9
The Story of Us;1999;5,9
Baby's Day Out;1994;5,9
The Indian in the Cupboard;1995;5,9
The Ant Bully;2006;5,9
Shallow Hal;2001;5,9
Escape from Planet Earth;2013;5,9
Legal Eagles;1986;5,9
Final Destination 5;2011;5,9
At First Sight;1999;5,9
Kiss of Death;1995;5,9
Memoirs of an Invisible Man;1992;5,9
There Be Dragons;2011;5,9
Must Love Dogs;2005;5,9
Something Borrowed;2011;5,9
The X Files: I Want to Believe;2008;5,9
1941;1979;5,9
Laws of Attraction;2004;5,9
Hope Floats;1998;5,9
Without a Paddle;2004;5,9
The Prince and Me;2004;5,9
Sanctum;2011;5,9
The Rugrats Movie;1998;5,9
Suspect Zero;2004;5,9
Hide and Seek;2005;5,9
The Ruins;2008;5,9
The Possession;2012;5,9
Stone Cold;1991;5,9
Saving Silverman;2001;5,9
Firefox;1982;5,9
Premonition;2007;5,9
The Black Hole;1979;5,9
Nancy Drew;2007;5,9
My Best Friend's Girl;2008;5,9
Georgia Rule;2007;5,9
School for Scoundrels;2006;5,9
9½ Weeks;1986;5,9
The Wraith;1986;5,9
My Life in Ruins;2009;5,9
The Texas Chainsaw Massacre: The Beginning;2006;5,9
Joe Dirt;2001;5,9
Slow Burn;2005;5,9
3 Men and a Baby;1987;5,9
Raise Your Voice;2004;5,9
The Good Night;2007;5,9
The Possession;2012;5,9
Poetic Justice;1993;5,9
Gossip;2000;5,9
The New Guy;2002;5,9
Harriet the Spy;1996;5,9
Faithful;1996;5,9
The Golden Child;1986;5,9
Katy Perry: Part of Me;2012;5,9
Fortress;1992;5,9
Saw IV;2007;5,9
The Grudge;2004;5,9
The Fourth Kind;2009;5,9
Sugar Hill;1993;5,9
Reno 911!: Miami;2007;5,9
Hey Arnold! The Movie;2002;5,9
Barbarella;1968;5,9
The Death and Life of Bobby Z;2007;5,9
The Extra Man;2010;5,9
200 Cigarettes;1999;5,9
Don McKay;2009;5,9
Halloween 4: The Return of Michael Myers;1988;5,9
Digimon: The Movie;2000;5,9
Hostel;2005;5,9
Savage Grace;2007;5,9
After.Life;2009;5,9
The Night Listener;2006;5,9
Prison;1987;5,9
Among Giants;1998;5,9
Jason Lives: Friday the 13th Part VI;1986;5,9
Next Day Air;2009;5,9
Fort McCoy;2011;5,9
Tanner Hall;2009;5,9
Barry Munday;2010;5,9
Friday the 13th: The Final Chapter;1984;5,9
Sleep Dealer;2008;5,9
Redemption Road;2010;5,9
The Last Sin Eater;2007;5,9
Do You Believe?;2015;5,9
Return of the Living Dead III;1993;5,9
From a Whisper to a Scream;1987;5,9
Cry_Wolf;2005;5,9
Circumstance;2011;5,9
Kingdom of the Spiders;1977;5,9
Straight Out of Brooklyn;1991;5,9
G.I. Joe: The Rise of Cobra;2009;5,8
Dante's Peak;1997;5,8
Around the World in 80 Days;2004;5,8
Daylight;1996;5,8
Babe: Pig in the City;1998;5,8
The League of Extraordinary Gentlemen;2003;5,8
xXx;2002;5,8
Battle Los Angeles;2011;5,8
Hard Rain;1998;5,8
Chicken Little;2005;5,8
Deep Blue Sea;1999;5,8
Stuck on You;2003;5,8
The Fan;1996;5,8
Mr. Deeds;2002;5,8
Firewall;2006;5,8
G.I. Jane;1997;5,8
Mary Reilly;1996;5,8
Journey to the Center of the Earth;2008;5,8
All the Pretty Horses;2000;5,8
Brüno;2009;5,8
Cheaper by the Dozen;2003;5,8
Gothika;2003;5,8
Mickey Blue Eyes;1999;5,8
Life or Something Like It;2002;5,8
Duplex;2003;5,8
Just Visiting;2001;5,8
Species;1995;5,8
Splice;2009;5,8
The Borrowers;1997;5,8
Timecop;1994;5,8
Freddy vs. Jason;2003;5,8
Final Destination 3;2006;5,8
Undercover Brother;2002;5,8
Cradle 2 the Grave;2003;5,8
Straw Dogs;2011;5,8
Haywire;2011;5,8
The Net;1995;5,8
The Glass House;2001;5,8
Mad Money;2008;5,8
Molly;1999;5,8
The Best Little Whorehouse in Texas;1982;5,8
Mortal Kombat;1995;5,8
Return to Never Land;2002;5,8
You Again;2010;5,8
Paparazzi;2004;5,8
Zambezia;2012;5,8
Conan the Destroyer;1984;5,8
The Adventures of Elmo in Grouchland;1999;5,8
Just Wright;2010;5,8
Saw V;2008;5,8
September Dawn;2007;5,8
Friday After Next;2002;5,8
A Low Down Dirty Shame;1994;5,8
Teacher's Pet;2004;5,8
Criminal Activities;2015;5,8
Around the World in 80 Days;2004;5,8
School Daze;1988;5,8
Novocaine;2001;5,8
Men of War;1994;5,8
Paranormal Activity 3;2011;5,8
Falcon Rising;2014;5,8
Love Stinks;1999;5,8
The Last Time I Committed Suicide;1997;5,8
The Divide;2011;5,8
Never Back Down 2: The Beatdown;2011;5,8
Christmas Mail;2010;5,8
The Calling;2014;5,8
Chicken Tikka Masala;2005;5,8
Saint John of Las Vegas;2009;5,8
One to Another;2006;5,8
Amigo;2010;5,8
Johnny Suede;1991;5,8
Insomnia Manica;2005;5,8
Fabled;2002;5,8
The Calling;2014;5,8
Penitentiary;1979;5,8
Absentia;2011;5,8
End of Days;1999;5,7
Lara Croft: Tomb Raider;2001;5,7
Six Days Seven Nights;1998;5,7
Looney Tunes: Back in Action;2003;5,7
Red Planet;2000;5,7
Be Cool;2005;5,7
Hudson Hawk;1991;5,7
Eat Pray Love;2010;5,7
The Relic;1997;5,7
Priest;2011;5,7
Bullet to the Head;2012;5,7
Valentine's Day;2010;5,7
Escape from L.A.;1996;5,7
The Princess Diaries 2: Royal Engagement;2004;5,7
Drillbit Taylor;2008;5,7
The Art of War;2000;5,7
The Last Shot;2004;5,7
Sgt. Bilko;1996;5,7
Reindeer Games;2000;5,7
Flight of the Intruder;1991;5,7
Sabotage;2014;5,7
Bandidas;2006;5,7
George and the Dragon;2004;5,7
Joyful Noise;2012;5,7
What Just Happened;2008;5,7
Love Ranch;2010;5,7
Think Like a Man Too;2014;5,7
The Little Vampire;2000;5,7
Jaws 2;1978;5,7
Armored;2009;5,7
The Nutcracker;1993;5,7
Out of Inferno;2013;5,7
Deuce Bigalow: Male Gigolo;1999;5,7
Barbershop 2: Back in Business;2004;5,7
How to Deal;2003;5,7
Tidal Wave;2009;5,7
Not Another Teen Movie;2001;5,7
The Pirates Who Don't Do Anything: A VeggieTales Movie;2008;5,7
Chiamatemi Francesco - Il Papa della gente;2015;5,7
Broken Horses;2015;5,7
All About the Benjamins;2002;5,7
Thinner;1996;5,7
Jefferson in Paris;1995;5,7
A Nightmare on Elm Street 4: The Dream Master;1988;5,7
Child's Play 2;1990;5,7
Screwed;2000;5,7
The Pursuit of D.B. Cooper;1981;5,7
Brighton Rock;2010;5,7
Sparkle;2012;5,7
Gun Shy;2000;5,7
White Noise 2: The Light;2007;5,7
The Ice Pirates;1984;5,7
Trust the Man;2005;5,7
Skin Trade;2014;5,7
Jumping the Broom;2011;5,7
The 5th Quarter;2010;5,7
Zipper;2015;5,7
Antiviral;2012;5,7
Paranormal Activity 2;2010;5,7
Damsels in Distress;2011;5,7
Diary of the Dead;2007;5,7
Journey to Saturn;2008;5,7
Eye of the Dolphin;2006;5,7
Friday the 13th Part III;1982;5,7
Witchboard;1986;5,7
Stitches;2012;5,7
The Ghastly Love of Johnny X;2012;5,7
Straight A's;2013;5,7
Hatchet;2006;5,7
Eddie: The Sleepwalking Cannibal;2012;5,7
Filly Brown;2012;5,7
Lisa Picard Is Famous;2000;5,7
My Last Day Without You;2011;5,7
Open Water;2003;5,7
Kiss the Bride;2007;5,7
Rodeo Girl;2016;5,7
The Work and the Story;2003;5,7
Sabotage;2014;5,7
Poseidon;2006;5,6
Fantastic 4: Rise of the Silver Surfer;2007;5,6
Cutthroat Island;1995;5,6
Pixels;2015;5,6
Mission to Mars;2000;5,6
The Pink Panther;2006;5,6
Mighty Joe Young;1998;5,6
Timeline;2003;5,6
Lady in the Water;2006;5,6
AVP: Alien vs. Predator;2004;5,6
Bad Company;2002;5,6
Legends of Oz: Dorothy's Return;2013;5,6
Money Train;1995;5,6
The Black Dahlia;2006;5,6
Dark Water;2005;5,6
That's My Boy;2012;5,6
The Nutty Professor;1996;5,6
Chain Reaction;1996;5,6
Imagine That;2009;5,6
Barnyard;2006;5,6
Failure to Launch;2006;5,6
What Planet Are You From?;2000;5,6
Kicking & Screaming;2005;5,6
Babylon A.D.;2008;5,6
The Juror;1996;5,6
Enough;2002;5,6
Angel Eyes;2001;5,6
The Benchwarmers;2006;5,6
Valiant;2005;5,6
I Dreamed of Africa;2000;5,6
Snakes on a Plane;2006;5,6
Blue Crush;2002;5,6
Alex & Emma;2003;5,6
The Promise;2005;5,6
Lake Placid;1999;5,6
Rugrats Go Wild;2003;5,6
Jeepers Creepers II;2003;5,6
Don't Be Afraid of the Dark;2010;5,6
Snakes on a Plane;2006;5,6
Win a Date with Tad Hamilton!;2004;5,6
The Crew;2000;5,6
Son of God;2014;5,6
The Stepfather;2009;5,6
A Guy Thing;2003;5,6
12 Rounds;2009;5,6
Survivor;2015;5,6
House on Haunted Hill;1999;5,6
I Know What You Did Last Summer;1997;5,6
Saw 3D: The Final Chapter;2010;5,6
Dickie Roberts: Former Child Star;2003;5,6
Drowning Mona;2000;5,6
Why Did I Get Married?;2007;5,6
The Skulls;2000;5,6
The Muse;1999;5,6
Listening;2014;5,6
Silent Trigger;1996;5,6
No Good Deed;2014;5,6
Bubble Boy;2001;5,6
5 Days of War;2011;5,6
The Banger Sisters;2002;5,6
Deuces Wild;2002;5,6
Malone;1987;5,6
Club Dread;2004;5,6
A Thin Line Between Love and Hate;1996;5,6
New in Town;2009;5,6
The Singing Detective;2003;5,6
Black November;2012;5,6
House at the End of the Street;2012;5,6
Diary of a Mad Black Woman;2005;5,6
Miss Julie;2014;5,6
The Players Club;1998;5,6
The Oh in Ohio;2006;5,6
Maggie;2015;5,6
Pokémon 3: The Movie;2000;5,6
All Is Bright;2013;5,6
The Last Exorcism;2010;5,6
Two Girls and a Guy;1997;5,6
Hardflip;2012;5,6
Sparkler;1997;5,6
Truth or Die;2012;5,6
Time Changer;2002;5,6
All the Boys Love Mandy Lane;2006;5,6
Mercy Streets;2000;5,6
Arnolds Park;2007;5,6
The Big Swap;1998;5,6
Closure;2007;5,6
Happy Christmas;2014;5,6
Alexander;2004;5,5
Ghostbusters;2016;5,5
Gods of Egypt;2016;5,5
Lara Croft Tomb Raider: The Cradle of Life;2003;5,5
Collateral Damage;2002;5,5
The Day the Earth Stood Still;2008;5,5
Dreamcatcher;2003;5,5
The Santa Clause 2;2002;5,5
Daddy Day Care;2003;5,5
The Scorpion King;2002;5,5
The Pacifier;2005;5,5
Æon Flux;2005;5,5
Domestic Disturbance;2001;5,5
Drive Angry;2011;5,5
Scary Movie 3;2003;5,5
Monster-in-Law;2005;5,5
Scream 3;2000;5,5
Autumn in New York;2000;5,5
Joe Somebody;2001;5,5
Whiteout;2009;5,5
Stolen;2012;5,5
Exit Wounds;2001;5,5
Ghostbusters;2016;5,5
What's the Worst That Could Happen?;2001;5,5
Virtuosity;1995;5,5
Mr 3000;2004;5,5
The Whole Ten Yards;2004;5,5
In Dreams;1999;5,5
The House Bunny;2008;5,5
Beauty Shop;2005;5,5
Piranha 3D;2010;5,5
Bringing Down the House;2003;5,5
How Stella Got Her Groove Back;1998;5,5
Ghost Ship;2002;5,5
The Man;2005;5,5
People I Know;2002;5,5
Thir13en Ghosts;2001;5,5
Troop Beverly Hills;1989;5,5
I Come with the Rain;2009;5,5
American Dreamz;2006;5,5
Southland Tales;2006;5,5
Double Impact;1991;5,5
Nowhere to Run;1993;5,5
Disturbing Behavior;1998;5,5
Whatever It Takes;2000;5,5
Blood and Chocolate;2007;5,5
Crocodile Dundee II;1988;5,5
My Bloody Valentine;2009;5,5
Urban Legend;1998;5,5
I Think I Love My Wife;2007;5,5
Invaders from Mars;1986;5,5
The Last Days on Mars;2013;5,5
White Noise;2005;5,5
Employee of the Month;2006;5,5
The Perfect Man;2005;5,5
MacGruber;2010;5,5
Atlas Shrugged II: The Strike;2012;5,5
The Open Road;2009;5,5
Breakin' All the Rules;2004;5,5
The Wendell Baker Story;2005;5,5
Masked and Anonymous;2003;5,5
We Have Your Husband;2011;5,5
The Texas Chainsaw Massacre 2;1986;5,5
Taxman;1998;5,5
Open Road;2013;5,5
The Timber;2015;5,5
Nine Dead;2010;5,5
Battle for the Planet of the Apes;1973;5,5
Unsullied;2014;5,5
Shalako;1968;5,5
Girl House;2014;5,5
C.H.U.D.;1984;5,5
The Day the Earth Stood Still;2008;5,5
Creative Control;2015;5,5
Banshee Chapter;2013;5,5
The Innkeepers;2011;5,5
November;2004;5,5
Sweet Sweetback's Baadasssss Song;1971;5,5
A True Story;2013;5,5
Evan Almighty;2007;5,4
Mars Needs Moms;2011;5,4
Stuart Little 2;2002;5,4
Home on the Range;2004;5,4
Batman Forever;1995;5,4
Land of the Lost;2009;5,4
Volcano;1997;5,4
Hotel for Dogs;2009;5,4
I Spy;2002;5,4
Blackhat;2015;5,4
The Last Legion;2007;5,4
Cheaper by the Dozen 2;2005;5,4
Jingle All the Way;1996;5,4
Under Siege 2: Dark Territory;1995;5,4
George of the Jungle;1997;5,4
The Ring Two;2005;5,4
Man of the House;2005;5,4
The Specialist;1994;5,4
Aliens in the Attic;2009;5,4
Bangkok Dangerous;2008;5,4
Boomerang;1992;5,4
Head of State;2003;5,4
Spy Kids;2001;5,4
Old Dogs;2009;5,4
Down to Earth;2001;5,4
Star Trek V: The Final Frontier;1989;5,4
Eight Legged Freaks;2002;5,4
The Spy Next Door;2010;5,4
A Simple Wish;1997;5,4
Maximum Risk;1996;5,4
Play It to the Bone;1999;5,4
The Adventurer: The Curse of the Midas Box;2013;5,4
Stone;2010;5,4
White Chicks;2004;5,4
The Jungle Book 2;2003;5,4
Under the Rainbow;1981;5,4
The Tempest;2010;5,4
Just Married;2003;5,4
The Young Messiah;2016;5,4
See Spot Run;2001;5,4
Big Fat Liar;2002;5,4
The Man with the Iron Fists;2012;5,4
Good Deeds;2012;5,4
Big Fat Liar;2002;5,4
Head Over Heels;2001;5,4
Fun Size;2012;5,4
The Crocodile Hunter: Collision Course;2002;5,4
Prophecy;1979;5,4
Sorority Boys;2002;5,4
Darkness;2002;5,4
The Lawnmower Man;1992;5,4
It's a Wonderful Afterlife;2010;5,4
Glee: The 3D Concert Movie;2011;5,4
Green Street 3: Never Back Down;2013;5,4
Hostel: Part II;2007;5,4
Ta Ra Rum Pum;2007;5,4
Annabelle;2014;5,4
Goddess of Love;2015;5,4
The Hit List;2011;5,4
Trade of Innocents;2012;5,4
Keeping Up with the Steins;2006;5,4
Let's Kill Ward's Wife;2014;5,4
Camping sauvage;2005;5,4
Moms' Night Out;2014;5,4
What the #$*! Do We (K)now!?;2004;5,4
The Loss of Sexual Innocence;1999;5,4
Wicked Blood;2014;5,4
A Nightmare on Elm Street 2: Freddy's Revenge;1985;5,4
Martin Lawrence Live: Runteldat;2002;5,4
Jawbreaker;1999;5,4
Teeth;2007;5,4
This Thing of Ours;2003;5,4
Dysfunctional Friends;2012;5,4
I Love Your Work;2003;5,4
The Green Inferno;2013;5,4
The Jimmy Show;2001;5,4
Bang Bang Baby;2014;5,4
Love in the Time of Monsters;2014;5,4
Yesterday Was a Lie;2008;5,4
When the Lights Went Out;2012;5,4
The Birth of a Nation;2016;5,4
Her Cry: La Llorona Investigation;2013;5,4
Sanctuary; Quite a Conundrum;2012;5,4
Little Nicky;2000;5,3
Hollywood Homicide;2003;5,3
Doctor Dolittle;1998;5,3
The Dilemma;2011;5,3
The Tuxedo;2002;5,3
Eye See You;2002;5,3
The Glimmer Man;1996;5,3
The Out-of-Towners;1999;5,3
Against the Ropes;2004;5,3
Obitaemyy ostrov;2009;5,3
Isn't She Great;2000;5,3
License to Wed;2007;5,3
House of Wax;2005;5,3
The Astronaut's Wife;1999;5,3
The Watcher;2000;5,3
Bogus;1996;5,3
Fled;1996;5,3
Bride of Chucky;1998;5,3
The Adventures of Pinocchio;1996;5,3
Double Take;2001;5,3
Ready to Rumble;2000;5,3
Josie and the Pussycats;2001;5,3
The Covenant;2006;5,3
Loser;2000;5,3
Strange Wilderness;2008;5,3
Spy Hard;1996;5,3
Wolves;2014;5,3
Boys and Girls;2000;5,3
The Lizzie McGuire Movie;2003;5,3
Peeples;2013;5,3
The Clan of the Cave Bear;1986;5,3
Aquamarine;2006;5,3
Max Keeble's Big Move;2001;5,3
How to Be a Player;1997;5,3
In the Cut;2003;5,3
Tomcats;2001;5,3
Slackers;2002;5,3
Housefull;2010;5,3
Misconduct;2016;5,3
Invasion U.S.A.;1985;5,3
Sleepover;2004;5,3
The Brothers Solomon;2007;5,3
Into the Grizzly Maze;2015;5,3
The Haunting in Connecticut 2: Ghosts of Georgia;2013;5,3
Woman on Top;2000;5,3
Aloft;2014;5,3
I Hope They Serve Beer in Hell;2009;5,3
Z Storm;2014;5,3
Snow Queen;2012;5,3
Simply Irresistible;1999;5,3
Salvation Boulevard;2011;5,3
The Forsaken;2001;5,3
All Hat;2007;5,3
D.E.B.S.;2004;5,3
Spaced Invaders;1990;5,3
Warlock: The Armageddon;1993;5,3
8 Heads in a Duffel Bag;1997;5,3
Tim and Eric's Billion Dollar Movie;2012;5,3
Demonic;2015;5,3
Friday the 13th Part VII: The New Blood;1988;5,3
The Astronaut's Wife;1999;5,3
Timber Falls;2007;5,3
Always Woodstock;2014;5,3
Silent House;2011;5,3
Roadside Romeo;2008;5,3
Slacker Uprising;2007;5,3
Sublime;2007;5,3
A Fine Step;2014;5,3
House of Wax;2005;5,3
Walter;2015;5,3
Civil Brand;2002;5,3
Aroused;2013;5,3
20 Dates;1998;5,3
The Mummy: Tomb of the Dragon Emperor;2008;5,2
Ghost Rider;2007;5,2
The Stepford Wives;2004;5,2
Flubber;1997;5,2
Zookeeper;2011;5,2
Walking with Dinosaurs 3D;2013;5,2
Cats & Dogs;2001;5,2
Alvin and the Chipmunks;2007;5,2
Christmas with the Kranks;2004;5,2
Scary Movie 2;2001;5,2
The Medallion;2003;5,2
The Final Destination;2009;5,2
Spawn;1997;5,2
Ri¢hie Ri¢h;1994;5,2
Texas Rangers;2001;5,2
Queen of the Damned;2002;5,2
Chill Factor;1999;5,2
Little Black Book;2004;5,2
The Wedding Planner;2001;5,2
Paul Blart: Mall Cop;2009;5,2
Legion;2010;5,2
Clockstoppers;2002;5,2
Welcome to Mooseport;2004;5,2
Flipper;1996;5,2
The Wild Thornberrys Movie;2002;5,2
Tank Girl;1995;5,2
Space Dogs;2010;5,2
The Wiz;1978;5,2
The Touch;2007;5,2
Catch That Kid;2004;5,2
I Am Wrath;2016;5,2
Damnation Alley;1977;5,2
My Stepmother Is an Alien;1988;5,2
Stomp the Yard;2007;5,2
Sinister 2;2015;5,2
Over Her Dead Body;2008;5,2
Sphinx;1981;5,2
Strangerland;2015;5,2
The Janky Promoters;2009;5,2
Good Intentions;2010;5,2
Shutter;2008;5,2
Action Jackson;1988;5,2
Halloween 5;1989;5,2
The Lazarus Effect;2015;5,2
Apollo 18;2011;5,2
Inescapable;2012;5,2
Pootie Tang;2001;5,2
Trippin';1999;5,2
Enter the Dangerous Mind;2013;5,2
Vampire Killers;2009;5,2
The Marine 4: Moving Target;2015;5,2
Forget Me Not;2009;5,2
Speedway Junky;1999;5,2
Fear Clinic;2015;5,2
Donkey Punch;2008;5,2
Escape from Tomorrow;2013;5,2
The Little Ponderosa Zoo;2016;5,2
3 Backyards;2010;5,2
G-Force;2009;5,1
Asterix at the Olympic Games;2008;5,1
Eragon;2006;5,1
Lost in Space;1998;5,1
Exorcist: The Beginning;2004;5,1
Random Hearts;1999;5,1
Maid in Manhattan;2002;5,1
The Dukes of Hazzard;2005;5,1
The Scarlet Letter;1995;5,1
Jade;1995;5,1
The Sweetest Thing;2002;5,1
Scary Movie 4;2006;5,1
Bless the Child;2000;5,1
Get Carter;2000;5,1
Alex Rider: Operation Stormbreaker;2006;5,1
Spy Kids 2: Island of Lost Dreams;2002;5,1
Alex Cross;2012;5,1
The Order;2003;5,1
Big Momma's House;2000;5,1
Snow Dogs;2002;5,1
Like Mike;2002;5,1
The Three Stooges;2012;5,1
My Super Ex-Girlfriend;2006;5,1
The Cave;2005;5,1
Unaccompanied Minors;2006;5,1
Stealing Harvard;2002;5,1
The Bridge of San Luis Rey;2004;5,1
The Longshots;2008;5,1
The Transporter Refueled;2015;5,1
Stay Alive;2006;5,1
Dylan Dog: Dead of Night;2010;5,1
The Informers;2008;5,1
Good Boy!;2003;5,1
Jennifer's Body;2009;5,1
Vamps;2012;5,1
Malibu's Most Wanted;2003;5,1
The Hills Have Eyes II;2007;5,1
Here on Earth;2000;5,1
Excessive Force;1993;5,1
Sorority Row;2009;5,1
Darling Companion;2012;5,1
The Ladies Man;2000;5,1
Return to the Blue Lagoon;1991;5,1
Re-Kill;2015;5,1
Held Up;1999;5,1
My Lucky Star;2013;5,1
Pound of Flesh;2015;5,1
A Nightmare on Elm Street 5: The Dream Child;1989;5,1
Miss March;2009;5,1
House Party 2;1991;5,1
Christmas Eve;2015;5,1
Air Bud;1997;5,1
Four Single Fathers;2009;5,1
A Haunted House;2013;5,1
2016: Obama's America;2012;5,1
Thr3e;2006;5,1
The Toxic Avenger Part II;1989;5,1
Stealing Harvard;2002;5,1
Vaalu;2015;5,1
Dil Jo Bhi Kahey...;2005;5,1
The Lords of Salem;2012;5,1
ZMD: Zombies of Mass Destruction;2009;5,1
Not Cool;2014;5,1
I Want Your Money;2010;5,1
Malevolence;2003;5,1
Romantic Schemer;2015;5,1
Stealth;2005;5,0
Lucky Numbers;2000;5,0
Miss Congeniality 2: Armed and Fabulous;2005;5,0
Garfield 2;2006;5,0
Congo;1995;5,0
Garfield;2004;5,0
Get Rich or Die Tryin';2005;5,0
Cursed;2005;5,0
Agent Cody Banks;2003;5,0
The Grudge 2;2006;5,0
Silent Hill: Revelation 3D;2012;5,0
Fight Valley;2016;5,0
The Legend of the Lone Ranger;1981;5,0
Red Sonja;1985;5,0
When a Stranger Calls;2006;5,0
Home Fries;1998;5,0
Superstar;1999;5,0
An American Haunting;2005;5,0
Girl 6;1996;5,0
Madea's Family Reunion;2006;5,0
Swimfan;2002;5,0
The Brown Bunny;2003;5,0
Baggage Claim;2013;5,0
Modern Problems;1981;5,0
Paranormal Activity: The Marked Ones;2014;5,0
Doug's 1st Movie;1999;5,0
Survival of the Dead;2009;5,0
The Velocity of Gary;1998;5,0
Compadres;2016;5,0
Brave New Girl;2004;5,0
The Rise of the Krays;2015;5,0
Chernobyl Diaries;2012;5,0
The Californians;2005;5,0
Dawn of the Crescent Moon;2014;5,0
Gulliver's Travels;2010;4,9
The Haunted Mansion;2003;4,9
Scooby-Doo;2002;4,9
The Haunting;1999;4,9
My Favorite Martian;1999;4,9
Meet Dave;2008;4,9
Holy Man;1998;4,9
Deck the Halls;2006;4,9
The Big Bounce;2004;4,9
The Phantom;1996;4,9
Shadow Conspiracy;1997;4,9
Animal Kingdom: Let's go Ape;2015;4,9
Superman III;1983;4,9
The Darkest Hour;2011;4,9
Animals United;2010;4,9
Seed of Chucky;2004;4,9
Dracula 2000;2000;4,9
Ghosts of Mars;2001;4,9
Scooby-Doo 2: Monsters Unleashed;2004;4,9
Abandon;2002;4,9
Say It Isn't So;2001;4,9
I Don't Know How She Does It;2011;4,9
Shorts;2009;4,9
Summer Catch;2001;4,9
Meteor;1979;4,9
Halloween II;2009;4,9
Eye of the Beholder;1999;4,9
Boat Trip;2002;4,9
Dungeons & Dragons: Wrath of the Dragon God;2005;4,9
Our Family Wedding;2010;4,9
Snow Day;2000;4,9
Down to You;2000;4,9
The Pallbearer;1996;4,9
Darkness Falls;2003;4,9
Harvard Man;2001;4,9
Freddy's Dead: The Final Nightmare;1991;4,9
Halloween: The Curse of Michael Myers;1995;4,9
Close Range;2015;4,9
Halloween II;2009;4,9
No Man's Land: The Rise of Reeker;2008;4,9
The Sleepwalker;2014;4,9
American Hero;2015;4,9
Adulterers;2015;4,9
Charlie's Angels: Full Throttle;2003;4,8
102 Dalmatians;2000;4,8
Elektra;2005;4,8
Supernova;2000;4,8
The Spirit;2008;4,8
The Flintstones;1994;4,8
New York Minute;2004;4,8
Virgin Territory;2007;4,8
Black Knight;2001;4,8
Knock Off;1998;4,8
Godsend;2004;4,8
Hoodwinked Too! Hood vs. Evil;2011;4,8
DOA: Dead or Alive;2006;4,8
Lost Souls;2000;4,8
Crocodile Dundee in Los Angeles;2001;4,8
My Soul to Take;2010;4,8
Sheena;1984;4,8
The Animal;2001;4,8
Teenage Mutant Ninja Turtles III;1993;4,8
Madea's Witness Protection;2012;4,8
Texas Chainsaw 3D;2013;4,8
Dwegons and Leprechauns;2014;4,8
They;2002;4,8
The Unborn;2009;4,8
The Roommate;2011;4,8
All About Steve;2009;4,8
Jungle Shuffle;2014;4,8
Chasing Papi;2003;4,8
Outside Bet;2012;4,8
Losin' It;1983;4,8
Twixt;2011;4,8
Yoga Hosers;2016;4,8
My Soul to Take;2010;4,8
The Barbarians;1987;4,8
Dawn Patrol;2014;4,8
Something Wicked;2014;4,8
Containment;2015;4,8
The Lost Medallion: The Adventures of Billy Stone;2013;4,8
The Dog Lover;2016;4,8
Chocolate: Deep Dark Secrets;2005;4,8
And Then Came Love;2007;4,8
The Unborn;2009;4,8
Locker 13;2014;4,8
Over the Hill to the Poorhouse;1920;4,8
Dutch Kills;2015;4,8
Monkeybone;2001;4,7
Did You Hear About the Morgans?;2009;4,7
Turbulence;1997;4,7
Herbie Fully Loaded;2005;4,7
Jonah Hex;2010;4,7
Aliens vs. Predator: Requiem;2007;4,7
Hanging Up;2000;4,7
The Musketeer;2001;4,7
Raise the Titanic;1980;4,7
The Face of an Angel;2014;4,7
A Madea Christmas;2013;4,7
The Next Best Thing;2000;4,7
Pulse;2006;4,7
The Marine;2006;4,7
Valentine;2001;4,7
Motherhood;2009;4,7
A Haunted House 2;2014;4,7
The Veil;2016;4,7
The Perfect Wave;2014;4,7
The Masked Saint;2016;4,7
Friday the 13th: A New Beginning;1985;4,7
Full Frontal;2002;4,7
Against the Wild;2013;4,7
Out of the Dark;2014;4,7
Sex with Strangers;2002;4,7
Black Rock;2012;4,7
Gory Gory Hallelujah;2003;4,7
American Ninja 2: The Confrontation;1987;4,7
The Naked Ape;2006;4,7
Yogi Bear;2010;4,6
Dr. Dolittle 2;2001;4,6
The Tooth Fairy;2006;4,6
Anaconda;1997;4,6
Big Momma's House 2;2006;4,6
Showgirls;1995;4,6
Warriors of Virtue;1997;4,6
Howard the Duck;1986;4,6
Anacondas: The Hunt for the Blood Orchid;2004;4,6
Half Past Dead;2002;4,6
I Still Know What You Did Last Summer;1998;4,6
Deuce Bigalow: European Gigolo;2005;4,6
The Rage: Carrie 2;1999;4,6
Are We There Yet?;2005;4,6
The Prince;2014;4,6
Confessions of a Teenage Drama Queen;2004;4,6
Highlander: Endgame;2000;4,6
The In Crowd;2000;4,6
My Boss's Daughter;2003;4,6
Breakfast of Champions;1999;4,6
Corky Romano;2001;4,6
Nurse 3D;2013;4,6
Swelter;2014;4,6
College;2008;4,6
Paranormal Activity 4;2012;4,6
90 Minutes in Heaven;2015;4,6
Decoys;2004;4,6
The Wash;2001;4,6
The Jerky Boys;1995;4,6
Halloween III: Season of the Witch;1982;4,6
The Virginity Hit;2010;4,6
Rockaway;2007;4,6
The Wicked Within;2015;4,6
Detention of the Dead;2012;4,6
Exeter;2015;4,6
Driven;2001;4,5
Alvin and the Chipmunks: The Squeakquel;2009;4,5
Happily N'Ever After;2006;4,5
Extreme Ops;2002;4,5
Space Chimps;2008;4,5
Superhero Movie;2008;4,5
Agent Cody Banks 2: Destination London;2004;4,5
Code Name: The Cleaner;2007;4,5
Can't Stop the Music;1980;4,5
Juwanna Mann;2002;4,5
Freddy Got Fingered;2001;4,5
All the Queen's Men;2001;4,5
Vampire in Brooklyn;1995;4,5
The Vatican Tapes;2015;4,5
My Baby's Daddy;2004;4,5
High School Musical 3: Senior Year;2008;4,5
You Got Served: Beat the World;2011;4,5
Poltergeist III;1988;4,5
Black Christmas;2006;4,5
Friday the 13th Part VIII: Jason Takes Manhattan;1989;4,5
Flying By;2009;4,5
The Opposite Sex;2014;4,5
Stonewall;2015;4,5
The Curse of Downers Grove;2015;4,5
Below Zero;2011;4,5
The Maid's Room;2013;4,5
Midnight Cabaret;1990;4,5
Graduation Day;1981;4,5
Butterfly;1982;4,5
Queen Crab;2015;4,5
Town & Country;2001;4,4
The Nutcracker in 3D;2010;4,4
Alvin and the Chipmunks: Chipwrecked;2011;4,4
Top Cat Begins;2015;4,4
Kangaroo Jack;2003;4,4
The Shaggy Dog;2006;4,4
On Deadly Ground;1994;4,4
The Island of Dr. Moreau;1996;4,4
Delgo;2008;4,4
Why Did I Get Married Too?;2010;4,4
Black Nativity;2013;4,4
Soul Plane;2004;4,4
Jason X;2001;4,4
Skyline;2010;4,4
Ouija;2014;4,4
Atlas Shrugged: Who Is John Galt?;2014;4,4
Dying of the Light;2014;4,4
Born of War;2014;4,4
Whipped;2000;4,4
The Legend of Hell's Gate: An American Conspiracy;2011;4,4
The Frozen;2012;4,4
Sex and the City 2;2010;4,3
Nutty Professor II: The Klumps;2000;4,3
Cats & Dogs: The Revenge of Kitty Galore;2010;4,3
Littleman;2006;4,3
xXx: State of the Union;2005;4,3
Ghost Rider: Spirit of Vengeance;2011;4,3
Fat Albert;2004;4,3
Highlander: The Final Dimension;1994;4,3
3 Ninjas Kick Back;1994;4,3
An American Carol;2008;4,3
In the Land of Blood and Honey;2011;4,3
Johnson Family Vacation;2004;4,3
Drive Hard;2014;4,3
Khiladi 786;2012;4,3
Hansel & Gretel Get Baked;2013;4,3
Jason Goes to Hell: The Final Friday;1993;4,3
Amnesiac;2014;4,3
Impact Point;2008;4,3
Foolish;1999;4,3
The Salon;2005;4,3
Def-Con 4;1985;4,3
Diamond Ruff;2015;4,3
Bizarre;2015;4,3
Death Calls;2010;4,3
Amidst the Devil's Wings;2014;4,3
Teeth and Blood;2015;4,3
The Last Airbender;2010;4,2
A Sound of Thunder;2005;4,2
Basic Instinct 2;2006;4,2
Thunderbirds;2004;4,2
Marmaduke;2010;4,2
Ishtar;1987;4,2
Heartbeeps;1981;4,2
Free Style;2008;4,2
Undiscovered;2005;4,2
Code of Honor;2016;4,2
Area 51;2015;4,2
Farce of the Penguins;2006;4,2
No Vacancy;2012;4,2
Bleeding Hearts;2015;4,2
The Devil Inside;2012;4,2
The Young Unknowns;2000;4,2
The Gallows;2015;4,2
The Adventures of Rocky & Bullwinkle;2000;4,1
Inspector Gadget;1999;4,1
Spy Kids 3-D: Game Over;2003;4,1
Universal Soldier: The Return;1999;4,1
Wing Commander;1999;4,1
A Warrior's Tail;2015;4,1
Underclassman;2005;4,1
King's Ransom;2005;4,1
Red Sky;2014;4,1
Megiddo: The Omega Code 2;2001;4,1
Boogeyman;2005;4,1
I Can Do Bad All by Myself;2009;4,1
Madea Goes to Jail;2009;4,1
The Apparition;2012;4,1
Halloween: Resurrection;2002;4,1
Urban Legends: Final Cut;2000;4,1
One Direction: This Is Us;2013;4,1
On the Line;2001;4,1
Alien Zone;1978;4,1
Chain Letter;2009;4,1
Da Sweet Blood of Jesus;2014;4,1
In Her Line of Fire;2006;4,1
Roadside;2013;4,1
The Brain That Wouldn't Die;1962;4,1
The Legend of God's Gun;2007;4,1
Super Mario Bros.;1993;4,0
Torque;2004;4,0
Supercross;2005;4,0
Shark Night 3D;2011;4,0
The Country Bears;2002;4,0
Restoration;2016;4,0
Book of Shadows: Blair Witch 2;2000;4,0
The Wicked Lady;1983;4,0
Devil's Due;2014;4,0
The Last Exorcism Part II;2013;4,0
3 Strikes;2000;4,0
Unnatural;2015;4,0
B-Girl;2009;4,0
Fight to the Finish;2016;4,0
Western Religion;2015;4,0
The Stewardesses;1969;4,0
Meet the Deedles;1998;3,9
RoboCop 3;1993;3,9
One Missed Call;2008;3,9
Prom Night;2008;3,9
Soul Survivors;2001;3,9
Blonde Ambition;2007;3,9
I Got the Hook Up;1998;3,9
AWOL-72;2015;3,9
Go for It!;2011;3,9
Supercapitalist;2012;3,9
The Pet;2006;3,9
Treachery;2013;3,9
The Canyons;2013;3,9
Super Hybrid;2010;3,9
The Cat in the Hat;2003;3,8
The Adventures of Pluto Nash;2002;3,8
The Love Guru;2008;3,8
In the Name of the King: A Dungeon Siege Tale;2007;3,8
Street Fighter;1994;3,8
Furry Vengeance;2010;3,8
Dudley Do-Right;1999;3,8
The Devil's Tomb;2009;3,8
Beastmaster 2: Through the Portal of Time;1991;3,8
The Haunting of Molly Hartley;2008;3,8
Extreme Movie;2008;3,8
Crowsnest;2012;3,8
Doc Holliday's Revenge;2014;3,8
Batman & Robin;1997;3,7
Speed 2: Cruise Control;1997;3,7
Street Fighter: The Legend of Chun-Li;2009;3,7
Mortal Kombat: Annihilation;1997;3,7
Beverly Hills Chihuahua;2008;3,7
Exorcist II: The Heretic;1977;3,7
Cabin Fever;2016;3,7
The Lion of Judah;2011;3,7
Ballistic: Ecks vs. Sever;2002;3,6
The Flintstones in Viva Rock Vegas;2000;3,6
Dragon Wars: D-War;2007;3,6
Spy Kids: All the Time in the World in 4D;2011;3,6
Thomas and the Magic Railroad;2000;3,6
Superman IV: The Quest for Peace;1987;3,6
The Cookout;2004;3,6
Stan Helsing;2009;3,6
The Last Godfather;2010;3,6
Swept Away;2002;3,6
Wind Walkers;2015;3,6
Luminarias;2000;3,6
Echo Dr.;2013;3,6
The Adventures of Sharkboy and Lavagirl 3-D;2005;3,5
Dance Flick;2009;3,5
Vampires Suck;2010;3,5
Scary Movie 5;2013;3,5
Megaforce;1982;3,5
An Alan Smithee Film: Burn Hollywood Burn;1997;3,5
You Got Served;2004;3,5
The Omega Code;1999;3,5
Fifty Shades of Black;2016;3,5
Chain of Command;2015;3,5
N-Secure;2010;3,5
Zombie Hunter;2013;3,5
Girls Gone Dead;2012;3,5
Jack and Jill;2011;3,4
Dumb and Dumberer: When Harry Met Lloyd;2003;3,4
Standing Ovation;2010;3,4
Galaxina;1980;3,4
Navy Seals vs. Zombies;2015;3,4
The Walking Deceased;2015;3,4
Shark Lake;2015;3,4
Independence Daysaster;2013;3,4
God's Not Dead 2;2016;3,4
Steppin: The Movie;2009;3,4
Rotor DR1;2015;3,4
Hayride;2012;3,4
Catwoman;2004;3,3
Feardotcom;2002;3,3
Spice World;1997;3,3
How She Move;2007;3,3
The Master of Disguise;2002;3,3
Crossroads;2002;3,3
Bucky Larson: Born to Be a Star;2011;3,3
Police Academy: Mission to Moscow;1994;3,3
Fascination;2004;3,3
Sharknado;2013;3,3
In the Name of the King: The Last Job;2014;3,3
My Big Fat Independent Movie;2005;3,3
#Horror;2015;3,3
Neal 'N' Nikki;2005;3,3
Crossroads;2002;3,3
Dry Spell;2013;3,3
Legend of Kung Fu Rabbit;2011;3,2
Without Men;2011;3,2
Teen Wolf Too;1987;3,2
Windsor Drive;2015;3,2
Royal Kill;2009;3,2
Raymond Did It;2011;3,2
Larry the Cable Guy: Health Inspector;2006;3,1
Witless Protection;2008;3,1
Lords of London;2014;3,1
Alien Uprising;2012;3,1
Checkmate;2015;3,1
Bled;2009;3,1
Rollerball;2002;3,0
Shanghai Surprise;1986;3,0
Phat Girlz;2006;3,0
The Dead Undead;2010;3,0
The Ridges;2011;3,0
BloodRayne;2005;2,9
The True Story of Puss'N Boots;2009;2,9
Daddy Day Camp;2007;2,9
Jaws: The Revenge;1987;2,8
Doogal;2006;2,8
Marci X;2003;2,8
Steel;1997;2,8
Barney's Great Adventure;1998;2,8
Dancin' It's On;2015;2,8
Hum To Mohabbat Karega;2000;2,8
Mutant World;2014;2,8
Frat Party;2009;2,8
Inchon;1981;2,7
Meet the Spartans;2008;2,7
Dragonball: Evolution;2009;2,7
Date Movie;2006;2,7
The Real Cancun;2003;2,7
The 41-Year-Old Virgin Who Knocked Up Sarah Marshall and Felt Superbad About It;2010;2,7
30 Nights of Paranormal Activity with the Devil Inside the Girl with the Dragon Tattoo;2013;2,6
The Vatican Exorcisms;2013;2,6
Baby Geniuses;1999;2,5
Sunday School Musical;2008;2,5
Battlefield Earth;2000;2,4
Gigli;2003;2,4
Epic Movie;2007;2,3
Alone in the Dark;2005;2,3
Chairman of the Board;1998;2,3
Son of the Mask;2005;2,2
Snow White: A Deadly Summer;2012;2,2
Subconscious;2015;2,2
From Justin to Kelly;2003;2,1
Glitter;2001;2,1
Crossover;2006;2,1
United Passions;2014;2,0
Who's Your Caddy?;2007;2,0
Superbabies: Baby Geniuses 2;2004;1,9
The Helix... Loaded;2005;1,9
Foodfight!;2012;1,7
Justin Bieber: Never Say Never;2011;1,6
